ts,cpu_pct,mem_pct,latency_p99_ms,queue_depth,throughput_rps
2026-06-15T00:00:00,88.61,66.49,220.73,4537.9,271.6
2026-06-15T00:01:00,86.43,62.45,223.88,4562.7,311.3
2026-06-15T00:02:00,88.14,63.75,221.7,4565.3,294.6
2026-06-15T00:03:00,94.88,64.32,234.22,4609.2,311.7
2026-06-15T00:04:00,90.2,65.33,229.32,4560.7,302.5
2026-06-15T00:05:00,89.05,61.24,234.21,4654.3,301.3
2026-06-15T00:06:00,97.03,63.47,227.42,4503.2,297.7
2026-06-15T00:07:00,86.18,59.72,223.8,4695.1,323.0
2026-06-15T00:08:00,87.49,61.88,219.47,4541.7,292.0
2026-06-15T00:09:00,91.88,60.25,225.02,4549.9,295.1
2026-06-15T00:10:00,88.32,62.56,218.41,4781.3,320.4
2026-06-15T00:11:00,90.3,64.2,215.91,4533.9,274.8
2026-06-15T00:12:00,91.1,66.9,231.23,4513.0,261.3
2026-06-15T00:13:00,90.58,67.21,213.18,4635.9,311.5
2026-06-15T00:14:00,87.21,62.9,218.99,4506.1,304.9
2026-06-15T00:15:00,89.42,66.35,225.1,4725.6,293.2
2026-06-15T00:16:00,89.2,61.59,220.79,4511.5,310.6
2026-06-15T00:17:00,93.28,62.67,232.46,4512.1,292.7
2026-06-15T00:18:00,89.05,57.87,232.24,4537.5,296.3
2026-06-15T00:19:00,90.46,63.33,219.25,4545.3,312.3
2026-06-15T00:20:00,86.57,63.41,223.78,4524.7,299.7
2026-06-15T00:21:00,91.93,62.63,221.23,4536.7,305.8
2026-06-15T00:22:00,91.13,66.4,220.98,4546.0,306.7
2026-06-15T00:23:00,88.5,65.97,216.46,4605.5,308.7
2026-06-15T00:24:00,91.59,61.69,206.56,4507.3,320.9
2026-06-15T00:25:00,86.86,64.13,229.53,4566.8,285.5
2026-06-15T00:26:00,83.17,58.98,228.59,4517.5,261.2
2026-06-15T00:27:00,88.39,62.42,223.69,4563.9,301.1
2026-06-15T00:28:00,89.57,61.45,214.94,4676.9,296.0
2026-06-15T00:29:00,91.92,64.05,223.24,4757.4,300.3
2026-06-15T00:30:00,90.27,64.65,222.89,4572.8,306.9
2026-06-15T00:31:00,90.11,66.95,226.13,4518.3,317.7
2026-06-15T00:32:00,91.62,64.71,219.55,4617.4,356.5
2026-06-15T00:33:00,86.36,64.68,229.93,4526.9,306.5
2026-06-15T00:34:00,84.48,62.06,220.97,4598.8,309.1
2026-06-15T00:35:00,90.66,57.27,243.14,4659.2,310.1
2026-06-15T00:36:00,88.4,61.13,227.74,4537.6,289.9
2026-06-15T00:37:00,92.01,64.73,237.71,4546.3,312.1
2026-06-15T00:38:00,88.63,62.2,219.83,4538.7,292.5
2026-06-15T00:39:00,96.11,62.79,228.24,4605.6,309.9
2026-06-15T00:40:00,90.46,63.22,229.77,4503.8,280.3
2026-06-15T00:41:00,94.09,59.93,234.58,4565.1,302.4
2026-06-15T00:42:00,89.84,60.81,226.41,4518.2,296.7
2026-06-15T00:43:00,87.57,62.47,228.21,4765.4,298.4
2026-06-15T00:44:00,95.97,64.83,215.65,4532.6,291.0
2026-06-15T00:45:00,89.71,61.4,223.23,4690.4,289.2
2026-06-15T00:46:00,86.45,58.98,209.32,4508.6,304.3
2026-06-15T00:47:00,87.69,64.59,211.16,4570.7,316.0
2026-06-15T00:48:00,92.45,63.57,221.2,4549.4,295.3
2026-06-15T00:49:00,90.34,64.16,217.26,4572.6,314.3
2026-06-15T00:50:00,87.13,60.3,223.73,4502.8,294.9
2026-06-15T00:51:00,85.89,59.73,226.6,4744.5,267.2
2026-06-15T00:52:00,87.24,62.82,227.07,4521.8,301.5
2026-06-15T00:53:00,88.19,61.5,235.52,4598.4,291.5
2026-06-15T00:54:00,90.38,61.04,235.36,4904.7,295.1
2026-06-15T00:55:00,86.81,65.25,230.1,4770.8,275.8
2026-06-15T00:56:00,87.85,61.55,246.61,4776.2,306.7
2026-06-15T00:57:00,87.8,59.38,235.58,4544.0,287.8
2026-06-15T00:58:00,84.09,61.12,225.33,4550.1,293.1
2026-06-15T00:59:00,90.84,61.03,225.98,4528.6,329.5
2026-06-15T01:00:00,5.0,5.0,20.0,394.3,2829.5
2026-06-15T01:01:00,5.93,9.18,20.0,479.0,2841.2
2026-06-15T01:02:00,5.0,5.0,20.0,323.3,2853.7
2026-06-15T01:03:00,5.0,5.0,20.0,307.8,2897.3
2026-06-15T01:04:00,5.0,5.0,20.0,297.9,2855.7
2026-06-15T01:05:00,7.04,6.47,20.0,530.8,2861.7
2026-06-15T01:06:00,5.0,5.0,20.0,307.6,2864.7
2026-06-15T01:07:00,5.0,5.88,20.0,418.1,2836.9
2026-06-15T01:08:00,5.43,5.0,20.0,252.0,2874.8
2026-06-15T01:09:00,5.0,5.0,20.0,290.9,2873.6
2026-06-15T01:10:00,5.0,5.0,20.0,468.6,2869.1
2026-06-15T01:11:00,5.74,5.0,20.0,282.9,2885.6
2026-06-15T01:12:00,5.0,5.0,20.0,427.5,2826.8
2026-06-15T01:13:00,5.0,5.0,20.0,362.7,2849.4
2026-06-15T01:14:00,5.0,5.0,20.0,284.6,2867.9
2026-06-15T01:15:00,5.0,5.79,20.01,369.0,2840.3
2026-06-15T01:16:00,5.0,5.0,20.0,345.5,2862.2
2026-06-15T01:17:00,5.0,5.0,20.0,356.7,2829.3
2026-06-15T01:18:00,5.0,7.47,20.0,258.6,2856.1
2026-06-15T01:19:00,9.19,5.31,20.0,307.8,2848.6
2026-06-15T01:20:00,9.05,5.0,20.0,293.0,2870.7
2026-06-15T01:21:00,5.0,5.0,22.95,356.5,2837.0
2026-06-15T01:22:00,5.1,5.0,20.0,473.4,2851.4
2026-06-15T01:23:00,11.38,5.0,20.0,404.2,2848.9
2026-06-15T01:24:00,5.0,5.02,20.0,391.4,2856.2
2026-06-15T01:25:00,5.8,7.26,20.0,376.9,2837.7
2026-06-15T01:26:00,8.27,5.0,20.0,274.1,2856.4
2026-06-15T01:27:00,5.0,5.0,20.0,333.1,2870.5
2026-06-15T01:28:00,5.0,6.37,20.0,346.2,2843.2
2026-06-15T01:29:00,6.3,5.0,20.0,320.3,2863.6
2026-06-15T01:30:00,5.0,5.0,20.0,423.1,2861.6
2026-06-15T01:31:00,6.85,5.0,20.0,301.5,2861.5
2026-06-15T01:32:00,5.0,5.0,21.33,269.2,2850.4
2026-06-15T01:33:00,5.03,5.0,20.0,335.5,2859.5
2026-06-15T01:34:00,6.69,5.0,20.0,263.2,2851.5
2026-06-15T01:35:00,5.0,5.0,20.0,299.3,2882.8
2026-06-15T01:36:00,5.0,5.0,20.0,284.4,2841.8
2026-06-15T01:37:00,5.0,5.0,20.0,442.5,2892.7
2026-06-15T01:38:00,5.56,5.0,20.0,439.8,2861.5
2026-06-15T01:39:00,9.37,5.0,20.0,326.0,2862.4
2026-06-15T01:40:00,5.0,5.0,20.0,359.1,2833.8
2026-06-15T01:41:00,9.02,6.95,20.97,655.5,2837.5
2026-06-15T01:42:00,6.84,7.97,20.0,283.6,2826.8
2026-06-15T01:43:00,5.13,5.0,22.31,274.9,2837.4
2026-06-15T01:44:00,5.0,5.3,20.0,251.7,2851.0
2026-06-15T01:45:00,5.0,5.72,20.0,251.5,2871.1
2026-06-15T01:46:00,9.45,9.02,24.0,251.0,2863.4
2026-06-15T01:47:00,6.24,5.0,20.0,426.0,2856.5
2026-06-15T01:48:00,5.0,5.0,20.0,320.5,2822.1
2026-06-15T01:49:00,5.0,5.0,20.0,376.5,2845.0
2026-06-15T01:50:00,5.0,5.0,22.05,370.7,2862.4
2026-06-15T01:51:00,5.0,5.3,20.87,624.1,2884.2
2026-06-15T01:52:00,8.34,5.0,20.0,457.8,2851.4
2026-06-15T01:53:00,6.45,5.0,20.39,438.7,2843.8
2026-06-15T01:54:00,5.0,5.0,20.0,330.9,2874.6
2026-06-15T01:55:00,7.23,5.92,20.0,420.4,2838.4
2026-06-15T01:56:00,5.0,5.0,20.0,394.8,2839.6
2026-06-15T01:57:00,5.8,5.25,20.0,346.9,2846.3
2026-06-15T01:58:00,5.61,5.0,20.0,444.4,2855.8
2026-06-15T01:59:00,5.0,5.0,20.0,254.7,2880.3
2026-06-15T02:00:00,5.0,5.0,20.0,286.3,2855.6
2026-06-15T02:01:00,5.0,5.0,20.0,301.1,2833.1
2026-06-15T02:02:00,5.0,5.37,20.0,345.9,2849.7
2026-06-15T02:03:00,6.27,5.0,20.0,442.1,2870.0
2026-06-15T02:04:00,7.62,6.75,22.54,324.0,2845.3
2026-06-15T02:05:00,5.0,5.0,20.0,258.8,2858.4
2026-06-15T02:06:00,5.0,5.0,20.0,340.9,2849.2
2026-06-15T02:07:00,5.0,5.0,20.0,461.9,2850.2
2026-06-15T02:08:00,5.0,5.0,20.0,343.8,2834.5
2026-06-15T02:09:00,5.0,5.0,20.0,315.0,2838.1
2026-06-15T02:10:00,5.27,5.0,20.0,386.5,2864.8
2026-06-15T02:11:00,8.53,5.0,28.18,294.8,2854.7
2026-06-15T02:12:00,5.0,5.0,23.56,437.0,2833.2
2026-06-15T02:13:00,5.0,5.33,20.0,346.9,2842.2
2026-06-15T02:14:00,7.02,5.0,23.22,359.8,2833.0
2026-06-15T02:15:00,5.0,5.0,20.78,302.9,2834.5
2026-06-15T02:16:00,5.0,5.0,20.0,280.2,2857.8
2026-06-15T02:17:00,5.0,5.0,20.0,378.2,2828.6
2026-06-15T02:18:00,5.44,7.25,20.0,332.8,2812.7
2026-06-15T02:19:00,9.77,5.91,20.0,315.7,2858.9
2026-06-15T02:20:00,8.03,5.0,20.0,363.9,2849.9
2026-06-15T02:21:00,7.11,5.0,20.0,315.3,2858.7
2026-06-15T02:22:00,7.86,5.0,24.35,287.6,2859.1
2026-06-15T02:23:00,5.0,5.0,20.0,359.1,2823.6
2026-06-15T02:24:00,10.32,5.0,20.0,313.0,2805.8
2026-06-15T02:25:00,5.0,5.64,20.0,341.4,2875.6
2026-06-15T02:26:00,5.0,5.0,20.0,267.3,2845.0
2026-06-15T02:27:00,7.82,5.0,20.0,328.4,2858.8
2026-06-15T02:28:00,5.0,5.0,20.0,345.9,2824.3
2026-06-15T02:29:00,7.16,5.0,20.0,331.5,2843.0
2026-06-15T02:30:00,10.3,5.0,20.0,423.6,2847.1
2026-06-15T02:31:00,5.36,6.98,20.0,273.9,2836.9
2026-06-15T02:32:00,5.0,5.0,20.0,319.5,2846.6
2026-06-15T02:33:00,5.0,5.0,20.0,305.4,2820.7
2026-06-15T02:34:00,5.85,5.0,20.0,397.0,2846.9
2026-06-15T02:35:00,5.0,5.0,20.0,489.4,2854.4
2026-06-15T02:36:00,7.27,5.0,22.64,310.1,2852.7
2026-06-15T02:37:00,5.0,5.0,20.0,349.1,2865.8
2026-06-15T02:38:00,5.0,5.0,20.0,789.7,2835.1
2026-06-15T02:39:00,5.0,5.0,20.0,371.2,2818.2
2026-06-15T02:40:00,6.11,5.0,20.0,284.8,2858.9
2026-06-15T02:41:00,5.91,5.0,20.0,266.6,2873.4
2026-06-15T02:42:00,7.54,5.0,20.0,275.7,2841.9
2026-06-15T02:43:00,5.0,5.0,28.93,266.2,2840.2
2026-06-15T02:44:00,5.0,5.0,20.0,462.0,2852.0
2026-06-15T02:45:00,5.38,5.0,20.0,278.2,2854.6
2026-06-15T02:46:00,8.62,5.54,21.5,311.1,2853.6
2026-06-15T02:47:00,5.0,5.0,20.0,382.7,2855.3
2026-06-15T02:48:00,5.0,5.0,20.0,262.7,2825.7
2026-06-15T02:49:00,5.0,5.0,20.0,267.8,2853.3
2026-06-15T02:50:00,10.82,5.0,20.0,337.3,2861.6
2026-06-15T02:51:00,6.17,5.0,20.0,318.3,2842.1
2026-06-15T02:52:00,5.0,5.0,24.13,421.3,2854.7
2026-06-15T02:53:00,6.71,5.0,20.0,305.0,2873.5
2026-06-15T02:54:00,5.0,5.72,20.0,520.0,2844.9
2026-06-15T02:55:00,6.67,5.0,20.0,356.0,2845.5
2026-06-15T02:56:00,5.66,5.21,20.0,386.0,2844.7
2026-06-15T02:57:00,8.25,5.47,20.0,338.8,2831.2
2026-06-15T02:58:00,5.0,5.0,20.0,477.5,2833.7
2026-06-15T02:59:00,6.34,5.0,20.0,334.5,2881.4
2026-06-15T03:00:00,5.48,5.0,20.0,271.7,2841.4
2026-06-15T03:01:00,6.5,5.0,20.0,284.4,2854.2
2026-06-15T03:02:00,5.0,5.17,20.0,264.4,2834.8
2026-06-15T03:03:00,5.0,5.3,20.0,326.4,2862.9
2026-06-15T03:04:00,6.5,5.0,20.0,308.4,2864.6
2026-06-15T03:05:00,5.0,5.0,20.0,304.8,2829.9
2026-06-15T03:06:00,5.0,5.86,24.1,405.9,2828.2
2026-06-15T03:07:00,6.06,5.79,28.74,253.1,2842.1
2026-06-15T03:08:00,5.0,5.0,20.0,270.0,2852.5
2026-06-15T03:09:00,7.52,5.0,23.91,389.3,2838.1
2026-06-15T03:10:00,5.0,5.0,20.0,427.4,2839.7
2026-06-15T03:11:00,7.89,5.0,20.0,305.9,2827.8
2026-06-15T03:12:00,8.02,5.0,20.0,341.2,2862.7
2026-06-15T03:13:00,8.86,5.0,20.0,565.7,2838.6
2026-06-15T03:14:00,10.42,5.0,36.96,260.2,2862.2
2026-06-15T03:15:00,5.0,5.0,20.0,250.3,2872.8
2026-06-15T03:16:00,6.29,5.0,20.0,502.6,2844.4
2026-06-15T03:17:00,5.5,5.0,20.0,264.9,2834.9
2026-06-15T03:18:00,5.47,5.0,20.0,265.2,2851.3
2026-06-15T03:19:00,5.0,5.0,20.0,269.8,2856.5
2026-06-15T03:20:00,6.55,5.0,20.0,264.0,2851.4
2026-06-15T03:21:00,5.0,5.0,20.0,337.9,2866.2
2026-06-15T03:22:00,5.0,5.0,20.0,257.1,2861.3
2026-06-15T03:23:00,6.27,5.0,20.0,340.3,2836.6
2026-06-15T03:24:00,5.0,5.0,20.0,267.2,2857.3
2026-06-15T03:25:00,5.0,5.0,20.0,380.5,2853.7
2026-06-15T03:26:00,5.0,5.0,20.0,300.2,2828.3
2026-06-15T03:27:00,6.41,5.78,20.0,287.8,2864.8
2026-06-15T03:28:00,5.0,5.0,30.08,255.2,2857.2
2026-06-15T03:29:00,5.0,5.0,20.0,367.8,2876.5
2026-06-15T03:30:00,8.17,5.0,20.0,312.0,2865.3
2026-06-15T03:31:00,9.02,6.58,20.0,282.2,2845.3
2026-06-15T03:32:00,8.54,5.18,20.0,264.4,2869.1
2026-06-15T03:33:00,5.0,5.85,20.0,274.6,2855.0
2026-06-15T03:34:00,8.12,5.0,20.0,487.9,2863.4
2026-06-15T03:35:00,5.0,5.63,20.0,297.7,2844.1
2026-06-15T03:36:00,9.15,5.0,20.0,264.1,2824.1
2026-06-15T03:37:00,5.0,5.0,20.0,382.4,2828.1
2026-06-15T03:38:00,5.0,5.0,20.0,284.2,2861.8
2026-06-15T03:39:00,5.0,5.0,20.0,264.2,2863.8
2026-06-15T03:40:00,10.27,6.1,27.75,277.8,2874.3
2026-06-15T03:41:00,5.06,5.0,20.0,263.1,2851.1
2026-06-15T03:42:00,5.0,5.15,20.0,409.7,2859.0
2026-06-15T03:43:00,7.12,5.0,25.93,287.6,2826.4
2026-06-15T03:44:00,5.0,5.0,20.0,364.3,2831.4
2026-06-15T03:45:00,5.0,5.08,20.0,361.9,2835.8
2026-06-15T03:46:00,7.86,5.0,20.0,278.1,2833.1
2026-06-15T03:47:00,5.0,7.94,20.0,279.7,2854.6
2026-06-15T03:48:00,5.0,5.0,20.0,342.6,2864.7
2026-06-15T03:49:00,5.0,5.0,20.0,269.8,2870.1
2026-06-15T03:50:00,5.0,5.0,20.0,366.0,2850.8
2026-06-15T03:51:00,7.97,5.0,20.0,341.1,2849.7
2026-06-15T03:52:00,7.46,5.0,20.0,256.5,2847.4
2026-06-15T03:53:00,5.61,6.07,20.0,341.4,2856.2
2026-06-15T03:54:00,6.08,5.0,20.0,609.7,2836.2
2026-06-15T03:55:00,5.0,5.0,20.0,259.9,2866.0
2026-06-15T03:56:00,8.16,5.0,20.0,364.7,2849.5
2026-06-15T03:57:00,5.0,6.1,20.0,567.4,2835.4
2026-06-15T03:58:00,8.36,7.01,20.0,282.7,2829.6
2026-06-15T03:59:00,9.86,5.0,20.0,313.5,2849.4
2026-06-15T04:00:00,5.0,5.0,20.0,273.2,2848.1
2026-06-15T04:01:00,6.05,5.0,20.0,363.5,2836.4
2026-06-15T04:02:00,6.25,5.0,26.11,279.2,2841.4
2026-06-15T04:03:00,5.0,5.0,20.14,269.6,2839.9
2026-06-15T04:04:00,6.7,5.0,20.0,265.4,2859.3
2026-06-15T04:05:00,5.0,6.24,20.0,256.8,2840.7
2026-06-15T04:06:00,8.12,5.0,20.0,464.1,2879.6
2026-06-15T04:07:00,5.0,6.86,20.0,265.5,2854.9
2026-06-15T04:08:00,7.06,5.0,20.0,356.8,2844.7
2026-06-15T04:09:00,9.94,5.0,20.13,477.0,2826.1
2026-06-15T04:10:00,5.94,5.0,20.0,257.1,2843.6
2026-06-15T04:11:00,5.0,5.0,20.0,316.5,2853.6
2026-06-15T04:12:00,5.56,5.0,20.0,267.5,2828.2
2026-06-15T04:13:00,5.0,5.0,20.0,330.2,2839.9
2026-06-15T04:14:00,5.0,5.0,20.0,522.2,2859.1
2026-06-15T04:15:00,5.52,5.0,26.04,428.3,2833.0
2026-06-15T04:16:00,5.0,5.0,20.0,361.3,2845.2
2026-06-15T04:17:00,5.0,5.0,20.0,252.6,2832.7
2026-06-15T04:18:00,5.0,5.0,20.0,309.5,2835.6
2026-06-15T04:19:00,6.24,5.0,22.58,360.7,2823.5
2026-06-15T04:20:00,5.0,5.0,20.0,250.3,2868.1
2026-06-15T04:21:00,14.84,5.0,20.0,405.1,2849.6
2026-06-15T04:22:00,5.0,5.0,20.0,298.1,2851.9
2026-06-15T04:23:00,5.0,5.0,20.0,483.7,2863.4
2026-06-15T04:24:00,8.12,5.0,20.0,277.9,2852.1
2026-06-15T04:25:00,5.0,5.0,20.0,291.3,2804.8
2026-06-15T04:26:00,5.0,5.52,20.0,267.6,2857.7
2026-06-15T04:27:00,5.0,5.0,20.0,322.2,2872.7
2026-06-15T04:28:00,5.0,5.04,20.0,252.3,2840.7
2026-06-15T04:29:00,5.0,5.0,20.0,345.9,2879.6
2026-06-15T04:30:00,5.0,5.0,20.0,283.5,2871.5
2026-06-15T04:31:00,5.06,5.0,20.0,450.8,2865.1
2026-06-15T04:32:00,5.0,5.0,23.69,367.8,2839.4
2026-06-15T04:33:00,5.14,5.04,20.0,281.0,2854.6
2026-06-15T04:34:00,7.88,7.61,26.97,278.1,2842.6
2026-06-15T04:35:00,5.0,5.0,20.0,322.8,2849.8
2026-06-15T04:36:00,5.0,6.22,20.0,294.4,2843.9
2026-06-15T04:37:00,5.0,5.64,34.38,286.2,2862.4
2026-06-15T04:38:00,5.73,5.0,20.0,279.9,2851.6
2026-06-15T04:39:00,5.0,5.0,20.0,253.3,2846.8
2026-06-15T04:40:00,5.0,5.0,20.0,312.4,2864.1
2026-06-15T04:41:00,6.65,5.0,20.0,454.7,2869.5
2026-06-15T04:42:00,5.4,5.76,20.0,287.4,2836.2
2026-06-15T04:43:00,6.19,7.27,20.0,356.1,2838.1
2026-06-15T04:44:00,7.13,5.15,20.0,271.6,2855.7
2026-06-15T04:45:00,6.53,5.0,20.0,285.0,2850.0
2026-06-15T04:46:00,7.78,5.97,20.0,278.0,2872.9
2026-06-15T04:47:00,5.0,5.0,20.0,675.6,2839.4
2026-06-15T04:48:00,5.0,5.0,32.0,383.0,2857.5
2026-06-15T04:49:00,5.0,5.0,20.0,250.5,2820.4
2026-06-15T04:50:00,9.04,5.0,20.0,481.7,2850.0
2026-06-15T04:51:00,7.83,5.0,20.0,322.4,2857.4
2026-06-15T04:52:00,5.0,5.0,20.0,287.8,2834.0
2026-06-15T04:53:00,5.0,5.0,20.0,251.0,2874.9
2026-06-15T04:54:00,5.92,5.0,20.56,361.8,2843.2
2026-06-15T04:55:00,5.0,5.0,20.0,285.2,2849.8
2026-06-15T04:56:00,5.0,5.0,20.0,265.1,2856.4
2026-06-15T04:57:00,5.0,7.68,24.17,339.9,2848.9
2026-06-15T04:58:00,5.0,5.56,21.85,496.4,2836.5
2026-06-15T04:59:00,5.08,5.0,20.0,259.2,2857.9
2026-06-15T05:00:00,6.73,5.0,20.0,251.6,2829.8
2026-06-15T05:01:00,6.39,5.0,20.0,258.7,2850.9
2026-06-15T05:02:00,5.0,5.0,20.0,263.2,2872.6
2026-06-15T05:03:00,5.0,5.0,20.0,276.3,2825.0
2026-06-15T05:04:00,8.38,6.19,20.0,297.9,2825.3
2026-06-15T05:05:00,5.0,5.0,25.59,403.4,2843.7
2026-06-15T05:06:00,5.0,5.0,20.0,375.4,2840.1
2026-06-15T05:07:00,5.0,5.37,20.0,263.7,2877.1
2026-06-15T05:08:00,5.0,5.0,20.0,363.1,2879.3
2026-06-15T05:09:00,9.97,5.0,20.0,334.3,2862.3
2026-06-15T05:10:00,9.26,5.15,20.0,312.1,2829.1
2026-06-15T05:11:00,5.99,5.0,20.0,331.6,2853.6
2026-06-15T05:12:00,7.74,5.0,20.0,400.1,2856.4
2026-06-15T05:13:00,5.38,6.17,20.0,318.0,2850.7
2026-06-15T05:14:00,5.0,5.82,20.0,252.8,2845.7
2026-06-15T05:15:00,8.76,5.05,23.67,354.6,2878.6
2026-06-15T05:16:00,5.0,6.28,20.0,305.7,2832.5
2026-06-15T05:17:00,6.21,5.0,20.0,333.0,2837.0
2026-06-15T05:18:00,5.0,5.86,20.0,250.1,2860.6
2026-06-15T05:19:00,6.61,5.0,20.0,358.5,2857.8
2026-06-15T05:20:00,5.0,5.0,20.0,372.7,2823.6
2026-06-15T05:21:00,12.98,5.0,23.88,268.4,2840.3
2026-06-15T05:22:00,5.0,5.0,20.0,310.9,2858.4
2026-06-15T05:23:00,5.0,5.0,20.0,268.1,2855.0
2026-06-15T05:24:00,5.0,5.0,21.9,274.6,2864.7
2026-06-15T05:25:00,5.0,5.0,20.0,474.8,2882.0
2026-06-15T05:26:00,5.0,5.0,20.0,284.0,2848.2
2026-06-15T05:27:00,5.64,5.0,20.0,350.2,2862.1
2026-06-15T05:28:00,5.0,5.0,20.0,251.9,2853.6
2026-06-15T05:29:00,9.27,5.49,20.0,692.6,2878.6
2026-06-15T05:30:00,5.0,5.0,20.0,251.1,2825.7
2026-06-15T05:31:00,5.0,5.0,20.0,383.2,2832.9
2026-06-15T05:32:00,5.62,5.0,20.0,280.9,2816.9
2026-06-15T05:33:00,5.0,5.79,20.0,389.4,2842.4
2026-06-15T05:34:00,10.56,5.0,20.0,977.6,2855.2
2026-06-15T05:35:00,7.26,5.87,26.95,252.4,2873.8
2026-06-15T05:36:00,5.98,5.0,20.0,295.6,2831.1
2026-06-15T05:37:00,6.48,5.0,20.0,286.3,2862.0
2026-06-15T05:38:00,6.39,5.57,20.0,496.2,2864.6
2026-06-15T05:39:00,8.53,5.0,20.0,295.2,2835.1
2026-06-15T05:40:00,10.31,5.0,25.74,253.7,2857.0
2026-06-15T05:41:00,6.74,5.0,20.0,373.3,2874.0
2026-06-15T05:42:00,5.14,5.44,20.0,497.0,2845.6
2026-06-15T05:43:00,5.0,5.0,25.33,252.8,2866.4
2026-06-15T05:44:00,5.0,5.25,20.0,324.5,2848.2
2026-06-15T05:45:00,5.0,8.18,20.0,344.0,2832.6
2026-06-15T05:46:00,8.55,5.0,20.0,472.2,2838.8
2026-06-15T05:47:00,11.52,5.0,20.0,265.6,2828.4
2026-06-15T05:48:00,5.0,5.0,20.0,327.0,2841.3
2026-06-15T05:49:00,5.0,5.0,20.0,285.9,2836.7
2026-06-15T05:50:00,5.0,5.0,20.0,610.1,2841.6
2026-06-15T05:51:00,5.0,6.07,20.0,251.3,2825.1
2026-06-15T05:52:00,5.02,5.0,20.0,303.8,2853.7
2026-06-15T05:53:00,5.65,6.1,20.0,304.2,2869.6
2026-06-15T05:54:00,9.41,5.0,20.0,268.5,2841.9
2026-06-15T05:55:00,5.26,5.37,20.0,455.3,2851.8
2026-06-15T05:56:00,5.0,5.0,20.0,702.8,2814.8
2026-06-15T05:57:00,5.0,5.0,20.0,419.8,2851.1
2026-06-15T05:58:00,5.0,5.0,20.0,325.1,2853.9
2026-06-15T05:59:00,5.0,5.0,20.0,358.8,2828.3
2026-06-15T06:00:00,6.78,5.0,22.09,417.8,2834.5
2026-06-15T06:01:00,5.34,5.0,20.0,266.5,2834.0
2026-06-15T06:02:00,5.0,5.72,20.0,342.7,2850.1
2026-06-15T06:03:00,5.0,5.0,26.96,265.3,2854.1
2026-06-15T06:04:00,5.0,5.0,20.0,409.7,2856.1
2026-06-15T06:05:00,5.0,5.0,20.0,258.1,2838.9
2026-06-15T06:06:00,5.0,6.19,20.3,366.5,2829.9
2026-06-15T06:07:00,8.79,5.0,20.0,333.5,2852.4
2026-06-15T06:08:00,6.65,5.0,20.0,291.1,2855.5
2026-06-15T06:09:00,5.0,5.0,20.0,514.5,2863.2
2026-06-15T06:10:00,5.0,6.03,20.0,267.6,2856.9
2026-06-15T06:11:00,5.0,5.0,22.92,290.1,2834.3
2026-06-15T06:12:00,5.85,5.0,20.0,500.1,2857.4
2026-06-15T06:13:00,6.01,5.0,20.0,339.4,2841.5
2026-06-15T06:14:00,5.0,5.41,20.0,362.3,2854.9
2026-06-15T06:15:00,6.37,5.0,20.0,343.6,2843.1
2026-06-15T06:16:00,7.61,5.0,20.0,314.7,2869.8
2026-06-15T06:17:00,5.0,5.0,20.0,374.6,2850.8
2026-06-15T06:18:00,5.69,5.0,20.0,310.9,2849.9
2026-06-15T06:19:00,6.27,5.0,20.0,277.6,2851.2
2026-06-15T06:20:00,5.0,5.0,20.0,269.2,2852.0
2026-06-15T06:21:00,5.0,5.0,20.0,313.2,2831.0
2026-06-15T06:22:00,11.27,5.0,20.0,293.6,2848.7
2026-06-15T06:23:00,5.0,5.0,20.0,293.4,2849.7
2026-06-15T06:24:00,5.0,5.0,20.0,366.2,2861.2
2026-06-15T06:25:00,9.65,5.0,24.43,522.1,2841.7
2026-06-15T06:26:00,5.0,5.0,20.0,375.8,2872.6
2026-06-15T06:27:00,6.73,5.0,20.32,438.1,2827.2
2026-06-15T06:28:00,5.0,5.0,20.0,330.5,2850.0
2026-06-15T06:29:00,5.0,6.57,20.08,361.5,2822.7
2026-06-15T06:30:00,6.08,5.0,20.0,270.4,2855.3
2026-06-15T06:31:00,9.0,5.0,20.92,373.5,2838.8
2026-06-15T06:32:00,6.9,5.0,20.0,378.0,2849.0
2026-06-15T06:33:00,7.61,6.6,20.0,260.3,2869.3
2026-06-15T06:34:00,5.0,5.01,20.0,277.2,2832.2
2026-06-15T06:35:00,5.0,5.0,20.0,251.5,2834.7
2026-06-15T06:36:00,5.24,5.0,20.0,289.5,2841.9
2026-06-15T06:37:00,5.0,5.34,20.0,599.1,2863.3
2026-06-15T06:38:00,6.95,5.0,20.0,317.3,2873.2
2026-06-15T06:39:00,6.89,5.0,20.0,315.1,2848.0
2026-06-15T06:40:00,5.94,5.0,20.0,364.5,2840.9
2026-06-15T06:41:00,8.47,5.0,26.35,268.6,2854.8
2026-06-15T06:42:00,5.0,5.0,20.0,314.2,2846.8
2026-06-15T06:43:00,5.0,5.0,20.0,506.2,2843.6
2026-06-15T06:44:00,5.0,5.0,20.0,272.1,2846.8
2026-06-15T06:45:00,5.2,5.0,20.0,305.0,2854.1
2026-06-15T06:46:00,5.0,5.34,23.88,340.8,2836.1
2026-06-15T06:47:00,8.52,5.0,20.0,370.3,2838.4
2026-06-15T06:48:00,5.0,5.0,20.0,305.1,2849.7
2026-06-15T06:49:00,5.0,6.54,20.0,283.6,2850.1
2026-06-15T06:50:00,6.6,5.0,20.0,266.0,2849.0
2026-06-15T06:51:00,5.0,5.0,20.0,336.6,2850.5
2026-06-15T06:52:00,6.64,5.0,20.0,372.9,2826.6
2026-06-15T06:53:00,8.16,5.0,20.0,287.2,2845.0
2026-06-15T06:54:00,8.46,5.0,20.0,290.4,2863.0
2026-06-15T06:55:00,5.72,5.11,20.0,258.2,2831.0
2026-06-15T06:56:00,6.61,5.0,20.0,250.5,2837.2
2026-06-15T06:57:00,5.0,5.06,34.22,256.1,2826.4
2026-06-15T06:58:00,5.0,5.0,20.0,453.4,2866.4
2026-06-15T06:59:00,5.0,5.0,20.0,331.1,2850.0
2026-06-15T07:00:00,5.0,5.0,26.35,363.8,2845.6
2026-06-15T07:01:00,9.83,6.23,20.0,624.5,2857.9
2026-06-15T07:02:00,10.44,5.0,20.56,338.5,2853.2
2026-06-15T07:03:00,5.37,5.0,20.0,263.0,2846.5
2026-06-15T07:04:00,5.0,5.38,23.34,428.2,2833.9
2026-06-15T07:05:00,6.7,5.76,20.0,428.3,2872.3
2026-06-15T07:06:00,5.0,5.0,20.0,277.1,2831.1
2026-06-15T07:07:00,7.73,5.0,20.0,265.3,2869.8
2026-06-15T07:08:00,6.6,5.0,20.0,354.3,2851.7
2026-06-15T07:09:00,8.01,5.0,20.0,343.6,2855.9
2026-06-15T07:10:00,5.0,5.0,20.0,253.2,2836.1
2026-06-15T07:11:00,5.0,5.59,20.0,309.7,2835.1
2026-06-15T07:12:00,8.73,5.0,20.0,307.4,2871.1
2026-06-15T07:13:00,7.82,5.0,20.0,286.9,2834.2
2026-06-15T07:14:00,10.26,5.17,20.0,279.3,2850.1
2026-06-15T07:15:00,6.71,6.0,20.0,365.3,2859.6
2026-06-15T07:16:00,5.42,5.0,21.62,250.8,2834.3
2026-06-15T07:17:00,5.0,5.0,20.0,251.9,2850.3
2026-06-15T07:18:00,5.15,6.88,20.0,254.1,2837.5
2026-06-15T07:19:00,5.0,5.0,20.0,455.3,2838.3
2026-06-15T07:20:00,5.0,5.0,20.0,269.9,2844.7
2026-06-15T07:21:00,9.31,6.83,20.0,264.1,2853.4
2026-06-15T07:22:00,5.0,5.0,20.0,250.3,2851.5
2026-06-15T07:23:00,5.0,5.0,20.0,306.1,2844.0
2026-06-15T07:24:00,5.0,5.64,23.83,291.3,2853.2
2026-06-15T07:25:00,5.0,5.0,20.0,309.0,2862.3
2026-06-15T07:26:00,5.0,5.0,20.0,422.8,2862.8
2026-06-15T07:27:00,8.31,5.0,20.0,277.1,2836.9
2026-06-15T07:28:00,5.0,5.0,20.0,351.5,2834.8
2026-06-15T07:29:00,5.0,5.0,21.38,257.1,2841.4
2026-06-15T07:30:00,7.46,5.0,20.0,314.3,2859.9
2026-06-15T07:31:00,9.21,5.09,21.17,494.3,2852.9
2026-06-15T07:32:00,6.9,5.0,20.0,298.7,2852.2
2026-06-15T07:33:00,5.0,5.0,20.0,352.4,2860.2
2026-06-15T07:34:00,5.0,5.11,21.42,408.6,2850.2
2026-06-15T07:35:00,10.5,5.42,20.0,285.4,2827.2
2026-06-15T07:36:00,8.69,6.87,20.0,250.3,2861.1
2026-06-15T07:37:00,5.0,5.0,20.0,327.3,2848.2
2026-06-15T07:38:00,5.66,5.0,20.0,353.6,2840.5
2026-06-15T07:39:00,5.0,6.7,21.44,328.6,2824.0
2026-06-15T07:40:00,5.0,5.0,20.0,319.6,2852.4
2026-06-15T07:41:00,8.14,5.0,20.0,416.0,2835.8
2026-06-15T07:42:00,5.0,5.0,25.39,266.7,2852.1
2026-06-15T07:43:00,5.0,6.12,20.0,477.2,2840.1
2026-06-15T07:44:00,5.0,5.0,20.0,339.2,2851.4
2026-06-15T07:45:00,5.74,5.0,20.0,285.2,2838.3
2026-06-15T07:46:00,8.12,5.0,20.0,685.8,2832.0
2026-06-15T07:47:00,6.53,5.0,20.0,264.3,2835.9
2026-06-15T07:48:00,12.67,5.92,20.7,303.2,2860.0
2026-06-15T07:49:00,5.0,5.0,20.0,250.1,2846.5
2026-06-15T07:50:00,5.0,5.0,20.0,258.3,2828.9
2026-06-15T07:51:00,5.18,5.0,20.0,368.0,2863.2
2026-06-15T07:52:00,9.08,5.0,20.0,273.7,2828.3
2026-06-15T07:53:00,6.28,5.39,20.0,253.9,2839.4
2026-06-15T07:54:00,5.0,5.0,24.15,292.8,2831.9
2026-06-15T07:55:00,5.0,5.0,20.0,306.2,2851.8
2026-06-15T07:56:00,8.69,5.0,20.0,262.9,2878.8
2026-06-15T07:57:00,6.71,5.0,20.0,266.3,2845.3
2026-06-15T07:58:00,7.99,5.87,24.3,343.4,2861.5
2026-06-15T07:59:00,5.0,5.0,20.0,466.7,2839.4
2026-06-15T08:00:00,5.0,5.0,20.0,361.4,2863.2
2026-06-15T08:01:00,9.15,5.0,24.42,552.6,2842.3
2026-06-15T08:02:00,7.98,5.2,20.0,284.5,2857.4
2026-06-15T08:03:00,5.0,5.0,20.0,261.9,2837.9
2026-06-15T08:04:00,5.85,5.14,20.0,491.6,2864.3
2026-06-15T08:05:00,5.88,5.0,20.0,495.4,2850.1
2026-06-15T08:06:00,5.0,5.89,20.95,261.4,2873.9
2026-06-15T08:07:00,5.38,6.21,20.0,266.6,2869.0
2026-06-15T08:08:00,8.38,5.0,20.0,303.5,2845.4
2026-06-15T08:09:00,7.04,5.43,20.0,376.6,2841.7
2026-06-15T08:10:00,7.01,5.0,20.0,282.5,2826.2
2026-06-15T08:11:00,5.0,5.0,21.24,251.9,2858.6
2026-06-15T08:12:00,5.0,5.0,20.0,306.4,2879.2
2026-06-15T08:13:00,5.98,5.98,20.0,465.0,2852.3
2026-06-15T08:14:00,5.15,5.0,20.0,284.3,2882.8
2026-06-15T08:15:00,5.0,6.51,23.04,491.4,2849.9
2026-06-15T08:16:00,7.79,7.19,20.0,494.5,2856.8
2026-06-15T08:17:00,5.0,5.15,20.0,521.5,2839.1
2026-06-15T08:18:00,5.0,5.73,20.0,427.4,2858.5
2026-06-15T08:19:00,5.25,5.0,20.0,535.1,2894.5
2026-06-15T08:20:00,5.0,5.0,29.34,325.7,2858.7
2026-06-15T08:21:00,6.66,5.0,20.71,307.2,2850.8
2026-06-15T08:22:00,6.08,5.0,20.0,408.9,2876.3
2026-06-15T08:23:00,7.78,5.0,20.64,271.8,2864.9
2026-06-15T08:24:00,6.88,6.69,20.0,305.5,2817.8
2026-06-15T08:25:00,5.0,5.0,20.0,259.1,2824.0
2026-06-15T08:26:00,5.78,5.0,20.0,556.5,2854.3
2026-06-15T08:27:00,5.0,5.0,20.0,266.8,2842.6
2026-06-15T08:28:00,9.54,5.0,20.0,404.1,2874.1
2026-06-15T08:29:00,8.1,5.0,20.0,395.4,2855.8
2026-06-15T08:30:00,7.72,5.0,27.64,292.8,2855.7
2026-06-15T08:31:00,5.0,5.0,24.21,664.8,2843.5
2026-06-15T08:32:00,9.7,6.6,20.0,290.3,2851.0
2026-06-15T08:33:00,5.0,5.0,20.0,319.2,2853.4
2026-06-15T08:34:00,5.0,5.0,21.39,288.5,2853.4
2026-06-15T08:35:00,6.13,5.0,20.0,262.5,2874.5
2026-06-15T08:36:00,5.68,5.16,20.0,370.1,2843.1
2026-06-15T08:37:00,7.34,5.0,20.0,266.4,2842.8
2026-06-15T08:38:00,7.6,5.0,20.0,268.1,2851.5
2026-06-15T08:39:00,7.0,5.0,20.0,279.5,2856.4
2026-06-15T08:40:00,5.0,5.0,23.25,300.3,2844.0
2026-06-15T08:41:00,6.91,6.15,20.0,308.2,2846.7
2026-06-15T08:42:00,7.73,5.0,20.0,272.5,2856.4
2026-06-15T08:43:00,8.39,5.0,20.0,253.6,2836.4
2026-06-15T08:44:00,8.45,5.77,20.0,471.1,2869.0
2026-06-15T08:45:00,5.64,5.0,20.12,488.9,2849.2
2026-06-15T08:46:00,5.17,5.0,20.0,385.8,2843.0
2026-06-15T08:47:00,6.03,5.0,20.0,274.1,2853.2
2026-06-15T08:48:00,5.0,6.09,22.45,272.7,2834.5
2026-06-15T08:49:00,5.0,5.0,20.0,253.2,2847.2
2026-06-15T08:50:00,5.0,5.0,20.0,515.5,2854.7
2026-06-15T08:51:00,5.0,6.53,20.0,336.7,2886.9
2026-06-15T08:52:00,5.0,5.0,20.0,488.9,2848.2
2026-06-15T08:53:00,5.0,5.0,20.0,433.5,2845.7
2026-06-15T08:54:00,5.0,5.0,20.0,378.8,2852.6
2026-06-15T08:55:00,5.0,5.0,20.0,352.0,2861.2
2026-06-15T08:56:00,5.0,5.0,20.0,283.0,2867.8
2026-06-15T08:57:00,9.08,5.0,20.0,324.6,2880.2
2026-06-15T08:58:00,5.73,5.0,25.66,269.0,2822.1
2026-06-15T08:59:00,5.54,5.0,20.0,642.2,2836.2
2026-06-15T09:00:00,6.62,5.74,20.0,352.1,2843.9
2026-06-15T09:01:00,5.0,5.0,20.0,425.9,2846.5
2026-06-15T09:02:00,5.73,5.0,20.0,462.4,2849.6
2026-06-15T09:03:00,5.0,7.37,20.0,261.2,2840.3
2026-06-15T09:04:00,5.0,5.0,20.0,515.1,2832.8
2026-06-15T09:05:00,11.42,5.0,20.0,295.4,2845.7
2026-06-15T09:06:00,5.0,5.0,20.0,301.7,2845.4
2026-06-15T09:07:00,8.94,5.0,30.16,252.8,2838.3
2026-06-15T09:08:00,5.0,5.0,20.0,384.6,2873.5
2026-06-15T09:09:00,5.0,5.0,20.0,610.7,2820.7
2026-06-15T09:10:00,6.38,5.0,20.0,310.2,2840.5
2026-06-15T09:11:00,5.0,5.0,20.0,365.8,2831.6
2026-06-15T09:12:00,5.0,5.64,20.0,257.3,2826.7
2026-06-15T09:13:00,8.4,5.0,20.0,346.3,2873.0
2026-06-15T09:14:00,5.0,5.0,21.48,346.1,2824.6
2026-06-15T09:15:00,5.0,6.07,20.0,377.9,2859.2
2026-06-15T09:16:00,5.0,5.0,20.0,323.8,2863.2
2026-06-15T09:17:00,5.38,5.0,20.72,359.6,2861.3
2026-06-15T09:18:00,5.0,5.0,20.0,292.1,2838.4
2026-06-15T09:19:00,5.0,5.0,20.0,375.7,2867.9
2026-06-15T09:20:00,5.0,5.0,20.0,339.4,2873.3
2026-06-15T09:21:00,5.0,5.0,20.0,258.6,2855.8
2026-06-15T09:22:00,5.0,5.0,20.0,321.7,2868.6
2026-06-15T09:23:00,12.61,5.54,20.0,388.7,2856.1
2026-06-15T09:24:00,7.0,5.0,20.0,309.0,2857.5
2026-06-15T09:25:00,5.0,5.0,20.65,348.6,2857.2
2026-06-15T09:26:00,5.43,5.0,20.0,299.7,2843.2
2026-06-15T09:27:00,5.0,5.0,20.49,315.9,2849.5
2026-06-15T09:28:00,5.0,5.0,24.53,286.7,2842.0
2026-06-15T09:29:00,6.36,5.78,20.0,297.0,2848.9
2026-06-15T09:30:00,5.0,5.0,22.57,299.5,2844.4
2026-06-15T09:31:00,5.0,5.0,20.0,302.0,2839.6
2026-06-15T09:32:00,5.0,5.21,20.99,304.2,2850.6
2026-06-15T09:33:00,7.28,5.0,20.0,279.1,2865.1
2026-06-15T09:34:00,5.0,5.0,20.0,335.9,2848.6
2026-06-15T09:35:00,7.02,5.0,27.29,299.2,2842.5
2026-06-15T09:36:00,6.45,8.19,20.0,292.3,2819.2
2026-06-15T09:37:00,5.0,5.0,20.0,275.9,2872.0
2026-06-15T09:38:00,5.0,5.0,25.76,376.2,2857.5
2026-06-15T09:39:00,5.0,5.0,31.37,322.5,2850.9
2026-06-15T09:40:00,8.16,5.0,20.0,320.4,2838.7
2026-06-15T09:41:00,5.0,5.0,26.35,299.4,2860.2
2026-06-15T09:42:00,6.06,5.0,20.0,646.9,2858.0
2026-06-15T09:43:00,5.0,5.0,20.0,254.2,2841.5
2026-06-15T09:44:00,6.8,5.0,20.0,555.2,2823.6
2026-06-15T09:45:00,5.0,5.53,20.0,309.0,2847.6
2026-06-15T09:46:00,5.0,5.0,21.45,417.6,2838.4
2026-06-15T09:47:00,8.76,5.0,20.0,447.6,2851.3
2026-06-15T09:48:00,8.67,7.37,28.21,258.6,2859.3
2026-06-15T09:49:00,5.0,5.76,20.0,264.8,2848.6
2026-06-15T09:50:00,5.0,5.97,20.0,452.7,2871.2
2026-06-15T09:51:00,5.0,5.0,20.0,333.0,2871.0
2026-06-15T09:52:00,7.03,5.0,20.0,256.4,2827.0
2026-06-15T09:53:00,5.0,5.0,20.0,263.8,2851.7
2026-06-15T09:54:00,5.0,5.59,20.89,276.3,2815.4
2026-06-15T09:55:00,6.19,5.0,20.0,323.2,2837.9
2026-06-15T09:56:00,7.45,5.0,20.0,318.8,2859.9
2026-06-15T09:57:00,8.04,5.0,20.0,269.7,2858.0
2026-06-15T09:58:00,7.95,5.0,20.0,324.4,2842.7
2026-06-15T09:59:00,5.0,5.81,31.11,279.6,2849.5
2026-06-15T10:00:00,5.0,5.0,20.0,352.7,2867.8
2026-06-15T10:01:00,8.39,5.0,20.0,287.6,2871.5
2026-06-15T10:02:00,5.0,5.0,27.34,504.1,2855.8
2026-06-15T10:03:00,5.0,5.2,20.0,300.6,2847.9
2026-06-15T10:04:00,7.15,5.0,22.92,352.7,2836.3
2026-06-15T10:05:00,5.0,5.0,20.0,290.0,2844.0
2026-06-15T10:06:00,5.0,5.0,20.0,313.8,2845.4
2026-06-15T10:07:00,5.0,5.5,25.82,286.1,2863.1
2026-06-15T10:08:00,8.85,5.0,20.0,270.5,2854.8
2026-06-15T10:09:00,5.4,6.91,20.0,255.9,2851.7
2026-06-15T10:10:00,7.68,5.56,20.0,265.7,2860.9
2026-06-15T10:11:00,9.03,5.0,20.0,530.3,2841.6
2026-06-15T10:12:00,6.55,5.0,20.0,254.5,2862.5
2026-06-15T10:13:00,5.27,5.0,20.0,256.9,2848.3
2026-06-15T10:14:00,8.85,5.0,20.0,314.6,2825.0
2026-06-15T10:15:00,7.08,5.0,20.0,270.3,2865.5
2026-06-15T10:16:00,5.0,5.0,20.0,266.5,2888.3
2026-06-15T10:17:00,5.0,5.0,20.0,297.8,2849.7
2026-06-15T10:18:00,5.0,5.0,20.0,419.4,2850.4
2026-06-15T10:19:00,7.73,5.0,20.0,691.6,2833.5
2026-06-15T10:20:00,5.47,5.0,21.45,257.5,2829.7
2026-06-15T10:21:00,6.87,5.96,20.0,264.7,2857.8
2026-06-15T10:22:00,5.0,5.62,20.0,275.7,2849.8
2026-06-15T10:23:00,8.02,5.0,20.0,546.9,2843.9
2026-06-15T10:24:00,5.0,5.0,20.0,467.4,2838.4
2026-06-15T10:25:00,5.79,5.0,24.52,282.0,2851.3
2026-06-15T10:26:00,5.0,5.0,20.0,265.0,2848.9
2026-06-15T10:27:00,5.0,5.0,20.0,269.5,2868.2
2026-06-15T10:28:00,7.71,5.0,22.64,376.7,2846.0
2026-06-15T10:29:00,5.0,8.1,20.0,267.4,2854.9
2026-06-15T10:30:00,11.1,5.0,20.0,261.5,2857.9
2026-06-15T10:31:00,5.0,5.0,20.0,382.7,2864.4
2026-06-15T10:32:00,5.0,5.0,20.0,404.5,2836.5
2026-06-15T10:33:00,10.66,5.0,20.0,458.6,2820.7
2026-06-15T10:34:00,5.14,5.0,20.0,323.6,2840.4
2026-06-15T10:35:00,5.0,5.78,20.0,250.8,2829.4
2026-06-15T10:36:00,9.39,5.41,20.0,522.1,2859.1
2026-06-15T10:37:00,10.35,5.0,20.0,516.5,2867.1
2026-06-15T10:38:00,5.0,5.0,20.0,383.4,2830.1
2026-06-15T10:39:00,7.48,5.0,20.0,300.4,2864.0
2026-06-15T10:40:00,5.26,5.0,20.0,353.0,2858.1
2026-06-15T10:41:00,5.0,5.05,20.0,296.9,2887.0
2026-06-15T10:42:00,5.5,5.0,20.0,894.3,2841.4
2026-06-15T10:43:00,5.0,6.73,20.0,260.5,2856.6
2026-06-15T10:44:00,5.0,5.0,27.79,263.4,2861.5
2026-06-15T10:45:00,5.21,5.0,24.05,507.9,2861.9
2026-06-15T10:46:00,5.0,5.3,20.0,277.6,2835.4
2026-06-15T10:47:00,8.23,5.81,20.0,556.5,2851.6
2026-06-15T10:48:00,8.57,5.0,20.0,278.5,2864.2
2026-06-15T10:49:00,5.0,5.0,20.0,324.3,2864.4
2026-06-15T10:50:00,9.99,5.0,20.0,355.3,2826.5
2026-06-15T10:51:00,5.0,7.22,20.0,481.7,2839.3
2026-06-15T10:52:00,5.0,5.0,23.71,282.9,2827.1
2026-06-15T10:53:00,6.29,5.0,20.0,259.7,2884.0
2026-06-15T10:54:00,7.95,5.29,20.0,316.7,2850.6
2026-06-15T10:55:00,6.18,7.56,20.0,573.3,2832.1
2026-06-15T10:56:00,5.0,5.0,20.0,428.8,2850.0
2026-06-15T10:57:00,5.0,5.0,20.0,881.6,2818.7
2026-06-15T10:58:00,5.0,5.0,20.0,381.4,2863.4
2026-06-15T10:59:00,11.64,5.0,20.0,320.0,2838.7
2026-06-15T11:00:00,5.0,5.0,20.0,283.8,2863.7
2026-06-15T11:01:00,9.59,5.0,20.0,262.1,2833.7
2026-06-15T11:02:00,5.0,5.0,20.0,313.0,2841.8
2026-06-15T11:03:00,7.35,5.0,20.0,327.5,2878.3
2026-06-15T11:04:00,5.0,5.0,20.0,317.1,2868.8
2026-06-15T11:05:00,6.8,5.0,20.0,265.8,2841.6
2026-06-15T11:06:00,5.0,5.16,20.0,263.3,2845.6
2026-06-15T11:07:00,7.43,5.0,20.0,304.0,2868.4
2026-06-15T11:08:00,5.0,5.0,21.56,308.4,2860.4
2026-06-15T11:09:00,7.65,5.86,20.0,297.6,2841.4
2026-06-15T11:10:00,5.0,5.0,20.0,474.3,2827.0
2026-06-15T11:11:00,6.38,5.0,29.08,267.9,2876.8
2026-06-15T11:12:00,9.1,5.0,20.0,266.5,2849.9
2026-06-15T11:13:00,5.77,5.0,20.0,291.9,2838.5
2026-06-15T11:14:00,5.0,6.13,20.0,283.4,2856.9
2026-06-15T11:15:00,5.0,5.0,20.0,293.8,2834.2
2026-06-15T11:16:00,9.62,5.0,20.0,317.3,2837.4
2026-06-15T11:17:00,5.0,5.0,20.0,307.7,2841.6
2026-06-15T11:18:00,12.59,5.0,20.0,412.4,2862.7
2026-06-15T11:19:00,6.64,5.65,20.01,255.3,2855.4
2026-06-15T11:20:00,6.38,8.15,20.0,285.2,2839.3
2026-06-15T11:21:00,5.64,5.0,23.18,280.2,2854.8
2026-06-15T11:22:00,6.03,5.0,20.0,263.6,2823.9
2026-06-15T11:23:00,5.0,5.0,20.0,257.5,2870.5
2026-06-15T11:24:00,5.61,5.0,20.0,270.1,2846.2
2026-06-15T11:25:00,5.0,5.0,20.0,274.0,2873.0
2026-06-15T11:26:00,5.07,5.0,32.03,259.1,2861.3
2026-06-15T11:27:00,5.0,5.0,20.0,295.0,2845.1
2026-06-15T11:28:00,7.91,5.0,20.0,310.6,2853.8
2026-06-15T11:29:00,5.21,5.0,20.0,262.9,2835.5
2026-06-15T11:30:00,10.16,7.72,20.18,284.3,2868.6
2026-06-15T11:31:00,6.99,5.0,20.0,635.0,2853.7
2026-06-15T11:32:00,9.86,5.0,20.0,273.5,2863.3
2026-06-15T11:33:00,5.0,5.65,20.0,265.1,2821.1
2026-06-15T11:34:00,7.29,5.0,26.74,299.9,2857.7
2026-06-15T11:35:00,5.03,5.0,20.0,260.6,2821.1
2026-06-15T11:36:00,5.0,5.0,23.84,278.8,2869.3
2026-06-15T11:37:00,5.33,5.0,20.0,292.7,2846.4
2026-06-15T11:38:00,5.0,5.0,20.0,275.7,2844.4
2026-06-15T11:39:00,5.38,5.0,20.0,294.3,2836.7
2026-06-15T11:40:00,5.0,5.0,20.0,284.5,2842.3
2026-06-15T11:41:00,5.0,5.0,20.0,361.7,2847.9
2026-06-15T11:42:00,10.72,5.0,22.91,441.9,2864.3
2026-06-15T11:43:00,5.0,5.0,23.68,267.0,2858.1
2026-06-15T11:44:00,8.07,5.0,20.0,353.0,2857.1
2026-06-15T11:45:00,5.0,5.0,20.0,288.0,2851.5
2026-06-15T11:46:00,5.0,5.0,20.0,434.9,2837.5
2026-06-15T11:47:00,5.0,6.02,20.0,340.6,2846.7
2026-06-15T11:48:00,5.9,5.0,20.0,278.6,2855.9
2026-06-15T11:49:00,7.49,5.0,20.44,487.5,2851.2
2026-06-15T11:50:00,5.0,5.0,20.0,300.3,2851.0
2026-06-15T11:51:00,7.67,5.0,20.0,329.7,2857.4
2026-06-15T11:52:00,5.81,5.0,21.87,472.7,2849.8
2026-06-15T11:53:00,5.0,5.0,20.0,458.6,2855.0
2026-06-15T11:54:00,5.11,6.64,20.0,290.0,2856.0
2026-06-15T11:55:00,5.78,5.0,20.0,365.1,2843.0
2026-06-15T11:56:00,5.0,5.0,20.26,539.3,2853.6
2026-06-15T11:57:00,7.07,5.0,21.21,295.2,2862.1
2026-06-15T11:58:00,7.45,5.0,27.35,455.8,2841.9
2026-06-15T11:59:00,8.95,5.0,29.9,426.2,2837.0
2026-06-15T12:00:00,7.88,5.0,20.0,282.2,2829.6
2026-06-15T12:01:00,6.98,5.0,20.0,308.7,2854.1
2026-06-15T12:02:00,7.53,5.0,20.0,302.9,2844.8
2026-06-15T12:03:00,7.69,5.0,20.0,480.2,2836.0
2026-06-15T12:04:00,5.0,5.0,20.0,321.8,2841.7
2026-06-15T12:05:00,5.0,6.62,20.0,307.5,2851.9
2026-06-15T12:06:00,5.0,5.0,20.0,269.8,2833.4
2026-06-15T12:07:00,7.64,5.0,20.0,436.2,2882.0
2026-06-15T12:08:00,5.24,5.0,20.0,268.3,2853.4
2026-06-15T12:09:00,5.0,5.0,20.0,444.3,2852.4
2026-06-15T12:10:00,8.01,5.29,20.0,279.0,2862.6
2026-06-15T12:11:00,9.54,5.0,20.0,265.8,2845.0
2026-06-15T12:12:00,5.38,5.0,20.0,290.1,2847.9
2026-06-15T12:13:00,7.05,5.0,20.0,277.3,2852.9
2026-06-15T12:14:00,5.0,5.0,20.0,253.2,2878.1
2026-06-15T12:15:00,7.25,5.0,20.0,265.2,2849.3
2026-06-15T12:16:00,8.47,5.0,20.0,258.8,2826.3
2026-06-15T12:17:00,5.0,5.0,20.0,251.5,2857.7
2026-06-15T12:18:00,5.0,5.0,20.0,342.1,2841.2
2026-06-15T12:19:00,5.0,5.0,20.0,327.4,2845.2
2026-06-15T12:20:00,5.0,5.0,20.0,391.6,2831.3
2026-06-15T12:21:00,5.0,5.0,20.0,361.4,2837.4
2026-06-15T12:22:00,5.93,5.44,20.0,611.6,2873.2
2026-06-15T12:23:00,5.0,5.0,20.0,309.9,2825.0
2026-06-15T12:24:00,5.87,5.0,20.0,326.8,2852.9
2026-06-15T12:25:00,5.0,5.0,20.0,313.3,2850.7
2026-06-15T12:26:00,5.0,5.0,20.0,366.6,2844.3
2026-06-15T12:27:00,5.0,6.93,22.32,272.6,2831.7
2026-06-15T12:28:00,5.0,5.0,27.88,250.0,2847.5
2026-06-15T12:29:00,5.0,5.0,20.0,266.6,2847.4
2026-06-15T12:30:00,8.06,6.46,20.0,389.7,2843.8
2026-06-15T12:31:00,6.41,5.0,20.0,360.6,2832.7
2026-06-15T12:32:00,5.0,5.0,20.0,252.7,2823.6
2026-06-15T12:33:00,10.5,5.0,20.0,275.1,2808.7
2026-06-15T12:34:00,5.92,5.0,20.0,349.6,2853.3
2026-06-15T12:35:00,6.27,5.0,20.0,322.8,2841.0
2026-06-15T12:36:00,5.21,5.0,20.0,250.3,2855.1
2026-06-15T12:37:00,6.16,5.0,20.0,317.2,2825.3
2026-06-15T12:38:00,7.33,7.02,20.0,296.8,2858.2
2026-06-15T12:39:00,5.0,5.0,20.0,269.5,2855.0
2026-06-15T12:40:00,5.0,5.0,20.0,353.6,2846.7
2026-06-15T12:41:00,5.73,5.39,20.0,293.8,2856.3
2026-06-15T12:42:00,5.0,5.0,20.0,299.2,2858.6
2026-06-15T12:43:00,7.14,5.0,20.0,390.6,2865.9
2026-06-15T12:44:00,5.38,6.44,20.0,275.5,2843.1
2026-06-15T12:45:00,6.56,5.0,20.0,274.9,2850.5
2026-06-15T12:46:00,6.17,5.0,20.0,323.2,2854.6
2026-06-15T12:47:00,5.88,5.33,20.0,298.7,2860.5
2026-06-15T12:48:00,7.04,5.0,23.69,751.4,2844.4
2026-06-15T12:49:00,5.0,5.08,20.15,354.4,2850.0
2026-06-15T12:50:00,5.14,5.0,20.0,356.1,2856.8
2026-06-15T12:51:00,5.0,5.0,20.0,525.6,2848.6
2026-06-15T12:52:00,5.0,6.44,23.23,286.4,2856.7
2026-06-15T12:53:00,5.0,5.0,20.0,382.3,2858.2
2026-06-15T12:54:00,5.0,5.0,23.02,562.2,2846.6
2026-06-15T12:55:00,5.66,5.0,20.0,257.4,2840.7
2026-06-15T12:56:00,8.48,5.0,20.0,259.3,2840.7
2026-06-15T12:57:00,6.17,6.16,30.23,362.0,2845.9
2026-06-15T12:58:00,5.0,5.56,20.0,265.7,2835.3
2026-06-15T12:59:00,5.0,5.0,20.0,318.5,2874.0
2026-06-15T13:00:00,5.01,5.0,23.2,291.7,2824.0
2026-06-15T13:01:00,5.93,6.23,24.66,385.0,2849.9
2026-06-15T13:02:00,8.26,5.0,20.0,327.8,2828.0
2026-06-15T13:03:00,5.0,5.0,20.0,265.9,2804.1
2026-06-15T13:04:00,9.81,5.0,20.53,335.2,2860.7
2026-06-15T13:05:00,9.02,7.76,20.0,277.2,2852.9
2026-06-15T13:06:00,5.0,5.0,20.0,438.9,2836.9
2026-06-15T13:07:00,5.0,6.15,20.0,377.8,2833.0
2026-06-15T13:08:00,5.49,5.0,22.71,262.0,2854.8
2026-06-15T13:09:00,5.0,5.0,20.0,359.3,2841.5
2026-06-15T13:10:00,5.0,5.0,20.0,544.2,2829.0
2026-06-15T13:11:00,5.0,5.0,24.05,297.0,2845.0
2026-06-15T13:12:00,8.85,5.0,20.0,275.5,2852.8
2026-06-15T13:13:00,5.0,5.0,20.0,340.5,2841.5
2026-06-15T13:14:00,8.6,6.3,22.97,261.9,2874.5
2026-06-15T13:15:00,8.85,5.38,20.0,305.3,2845.5
2026-06-15T13:16:00,6.96,5.0,20.0,294.5,2853.3
2026-06-15T13:17:00,5.0,5.0,20.0,398.9,2876.8
2026-06-15T13:18:00,5.0,5.0,20.0,294.6,2888.2
2026-06-15T13:19:00,7.66,5.0,20.0,308.5,2858.8
2026-06-15T13:20:00,5.76,6.98,20.0,265.1,2855.1
2026-06-15T13:21:00,8.55,5.0,20.0,418.8,2812.1
2026-06-15T13:22:00,8.03,5.0,20.0,292.2,2826.0
2026-06-15T13:23:00,6.75,6.23,20.0,251.1,2846.1
2026-06-15T13:24:00,9.43,5.0,20.0,500.9,2845.1
2026-06-15T13:25:00,6.89,7.7,20.0,284.8,2830.3
2026-06-15T13:26:00,5.0,5.0,20.0,309.5,2864.6
2026-06-15T13:27:00,11.55,5.0,21.58,326.1,2847.1
2026-06-15T13:28:00,5.0,7.17,20.08,336.9,2840.9
2026-06-15T13:29:00,5.04,5.0,20.0,417.3,2853.3
2026-06-15T13:30:00,11.68,5.0,20.0,515.0,2842.0
2026-06-15T13:31:00,5.0,5.0,20.0,273.8,2842.2
2026-06-15T13:32:00,5.0,6.59,20.0,500.4,2862.5
2026-06-15T13:33:00,7.46,5.15,20.0,272.3,2875.8
2026-06-15T13:34:00,7.46,5.0,24.4,286.8,2831.6
2026-06-15T13:35:00,6.26,5.87,20.0,278.3,2859.1
2026-06-15T13:36:00,5.0,5.0,20.0,320.7,2856.5
2026-06-15T13:37:00,5.0,5.0,20.0,514.2,2855.2
2026-06-15T13:38:00,5.0,5.0,20.07,595.2,2817.5
2026-06-15T13:39:00,5.0,5.0,20.0,562.7,2861.8
2026-06-15T13:40:00,8.79,5.0,20.0,392.5,2856.9
2026-06-15T13:41:00,5.0,5.0,20.0,318.5,2848.0
2026-06-15T13:42:00,5.0,6.63,20.0,371.0,2842.1
2026-06-15T13:43:00,5.79,5.0,25.71,292.4,2867.0
2026-06-15T13:44:00,5.0,5.0,20.0,297.0,2832.4
2026-06-15T13:45:00,5.0,6.68,20.0,324.9,2838.6
2026-06-15T13:46:00,6.22,5.0,21.43,275.7,2856.8
2026-06-15T13:47:00,5.0,5.0,20.0,311.5,2839.2
2026-06-15T13:48:00,6.3,5.0,24.3,389.1,2848.6
2026-06-15T13:49:00,10.43,5.0,20.0,562.7,2867.0
2026-06-15T13:50:00,5.54,5.0,20.0,271.2,2849.3
2026-06-15T13:51:00,5.0,5.28,20.0,341.0,2859.4
2026-06-15T13:52:00,6.15,5.0,20.0,259.8,2857.7
2026-06-15T13:53:00,10.14,5.0,20.0,268.2,2840.1
2026-06-15T13:54:00,6.17,5.0,24.93,904.6,2867.5
2026-06-15T13:55:00,5.34,5.0,20.0,477.9,2826.5
2026-06-15T13:56:00,8.41,6.76,20.0,298.0,2857.0
2026-06-15T13:57:00,5.0,5.0,20.0,284.8,2832.4
2026-06-15T13:58:00,8.63,5.0,20.0,417.6,2874.5
2026-06-15T13:59:00,5.0,5.0,20.0,336.6,2844.7
2026-06-15T14:00:00,5.0,5.0,20.0,307.1,2845.3
2026-06-15T14:01:00,5.0,5.0,20.0,301.5,2832.6
2026-06-15T14:02:00,9.7,5.0,20.0,353.8,2849.0
2026-06-15T14:03:00,5.0,5.0,20.0,250.6,2857.6
2026-06-15T14:04:00,5.35,5.0,20.0,351.7,2862.8
2026-06-15T14:05:00,5.59,6.57,20.25,330.8,2857.2
2026-06-15T14:06:00,10.25,6.49,20.0,259.5,2861.5
2026-06-15T14:07:00,5.54,5.0,20.0,255.1,2857.6
2026-06-15T14:08:00,5.0,5.0,20.0,266.1,2863.1
2026-06-15T14:09:00,8.06,5.0,20.0,457.4,2844.6
2026-06-15T14:10:00,5.44,6.49,34.29,302.5,2850.2
2026-06-15T14:11:00,5.0,6.07,20.0,263.7,2851.8
2026-06-15T14:12:00,5.0,5.0,20.0,379.6,2822.7
2026-06-15T14:13:00,7.87,5.0,21.47,280.1,2817.6
2026-06-15T14:14:00,6.74,5.0,27.4,343.8,2831.1
2026-06-15T14:15:00,5.0,5.0,20.0,327.0,2842.5
2026-06-15T14:16:00,6.97,5.0,20.0,313.7,2871.7
2026-06-15T14:17:00,5.01,5.0,20.0,527.4,2829.3
2026-06-15T14:18:00,7.53,5.0,20.0,256.1,2815.0
2026-06-15T14:19:00,8.99,5.35,21.87,261.6,2851.5
2026-06-15T14:20:00,5.0,5.0,20.0,394.1,2857.4
2026-06-15T14:21:00,5.0,6.12,22.44,353.9,2842.2
2026-06-15T14:22:00,6.15,5.0,20.0,279.0,2847.9
2026-06-15T14:23:00,5.0,5.0,20.0,323.9,2841.6
2026-06-15T14:24:00,5.21,5.0,20.0,258.6,2840.4
2026-06-15T14:25:00,8.68,7.04,20.0,321.5,2875.2
2026-06-15T14:26:00,5.0,5.0,20.0,371.7,2851.0
2026-06-15T14:27:00,6.95,5.0,20.0,393.4,2835.8
2026-06-15T14:28:00,5.0,7.64,20.0,258.5,2862.7
2026-06-15T14:29:00,6.9,5.0,20.75,275.2,2848.5
2026-06-15T14:30:00,5.0,5.0,20.0,339.5,2840.0
2026-06-15T14:31:00,8.77,5.0,20.0,364.4,2844.2
2026-06-15T14:32:00,5.18,5.0,20.0,411.5,2866.8
2026-06-15T14:33:00,6.09,5.0,20.0,251.3,2876.6
2026-06-15T14:34:00,5.0,5.14,30.99,350.1,2853.9
2026-06-15T14:35:00,5.0,5.0,20.0,265.3,2822.1
2026-06-15T14:36:00,7.1,5.0,20.0,337.1,2868.5
2026-06-15T14:37:00,9.3,5.0,20.0,318.6,2844.5
2026-06-15T14:38:00,5.0,6.56,20.0,330.8,2859.2
2026-06-15T14:39:00,5.0,5.0,29.36,331.9,2885.3
2026-06-15T14:40:00,5.0,5.0,20.0,403.1,2830.8
2026-06-15T14:41:00,10.15,5.0,20.0,385.3,2854.5
2026-06-15T14:42:00,5.0,5.0,20.4,324.0,2850.7
2026-06-15T14:43:00,5.76,5.06,20.0,297.8,2844.2
2026-06-15T14:44:00,5.0,6.78,20.0,348.3,2845.8
2026-06-15T14:45:00,5.0,5.0,20.0,422.2,2833.7
2026-06-15T14:46:00,5.21,5.0,20.0,279.2,2853.2
2026-06-15T14:47:00,5.0,5.0,20.0,324.6,2860.0
2026-06-15T14:48:00,5.36,5.0,20.0,261.3,2846.9
2026-06-15T14:49:00,5.0,7.17,20.0,427.6,2872.2
2026-06-15T14:50:00,5.0,5.0,20.0,255.8,2845.9
2026-06-15T14:51:00,5.0,5.0,20.0,350.3,2838.7
2026-06-15T14:52:00,5.0,5.17,24.66,302.2,2832.5
2026-06-15T14:53:00,5.0,5.0,20.0,329.2,2848.6
2026-06-15T14:54:00,5.41,5.0,20.0,331.4,2866.9
2026-06-15T14:55:00,7.75,6.4,20.0,485.5,2848.1
2026-06-15T14:56:00,5.0,6.14,20.0,388.8,2848.2
2026-06-15T14:57:00,6.58,5.0,20.0,278.2,2862.0
2026-06-15T14:58:00,5.0,5.0,20.0,288.6,2839.9
2026-06-15T14:59:00,8.0,5.0,28.13,312.6,2832.1
2026-06-15T15:00:00,7.45,5.0,20.0,300.2,2842.4
2026-06-15T15:01:00,6.52,5.4,25.54,309.1,2831.4
2026-06-15T15:02:00,8.17,5.08,20.0,253.5,2872.1
2026-06-15T15:03:00,5.11,5.0,20.0,312.2,2852.6
2026-06-15T15:04:00,5.0,5.0,22.86,399.6,2828.6
2026-06-15T15:05:00,5.64,6.94,20.0,255.3,2837.5
2026-06-15T15:06:00,11.0,5.0,20.0,361.8,2836.2
2026-06-15T15:07:00,5.0,5.0,20.0,299.1,2865.8
2026-06-15T15:08:00,5.48,5.0,20.0,304.3,2861.0
2026-06-15T15:09:00,5.42,5.0,20.0,381.3,2815.6
2026-06-15T15:10:00,11.46,5.0,20.48,354.9,2860.7
2026-06-15T15:11:00,5.0,5.1,20.0,345.0,2866.0
2026-06-15T15:12:00,6.64,5.0,20.0,255.1,2855.8
2026-06-15T15:13:00,5.0,5.0,20.0,275.3,2846.7
2026-06-15T15:14:00,5.64,5.0,20.0,396.5,2898.1
2026-06-15T15:15:00,5.0,5.0,27.45,309.9,2850.2
2026-06-15T15:16:00,5.0,5.0,20.0,418.9,2873.2
2026-06-15T15:17:00,5.0,6.15,20.0,252.0,2832.6
2026-06-15T15:18:00,5.97,5.0,20.0,316.8,2861.5
2026-06-15T15:19:00,5.4,5.0,20.0,616.5,2839.4
2026-06-15T15:20:00,7.61,5.0,20.0,511.5,2841.9
2026-06-15T15:21:00,7.35,5.0,20.0,499.0,2832.5
2026-06-15T15:22:00,10.64,5.05,20.0,426.8,2855.0
2026-06-15T15:23:00,5.0,6.04,20.0,408.1,2808.4
2026-06-15T15:24:00,5.0,5.0,20.0,304.1,2833.9
2026-06-15T15:25:00,8.49,5.0,20.0,319.9,2840.4
2026-06-15T15:26:00,9.02,5.0,20.0,319.8,2847.2
2026-06-15T15:27:00,5.0,5.0,20.0,284.8,2851.8
2026-06-15T15:28:00,7.64,5.0,20.0,283.0,2852.2
2026-06-15T15:29:00,5.72,5.0,20.0,262.9,2840.3
2026-06-15T15:30:00,6.02,7.65,20.0,337.3,2839.9
2026-06-15T15:31:00,5.0,5.0,20.0,258.0,2847.0
2026-06-15T15:32:00,5.0,5.0,20.0,260.8,2852.8
2026-06-15T15:33:00,8.58,6.2,20.0,425.1,2842.5
2026-06-15T15:34:00,5.0,6.32,20.0,303.2,2835.1
2026-06-15T15:35:00,5.0,5.0,20.0,331.0,2865.5
2026-06-15T15:36:00,5.0,5.0,20.0,276.3,2854.5
2026-06-15T15:37:00,8.32,5.41,22.66,454.0,2842.0
2026-06-15T15:38:00,5.0,6.37,20.99,341.3,2849.5
2026-06-15T15:39:00,7.86,5.0,20.0,418.3,2856.7
2026-06-15T15:40:00,5.0,5.74,20.0,541.9,2863.8
2026-06-15T15:41:00,10.11,6.58,21.38,287.5,2856.6
2026-06-15T15:42:00,5.0,5.32,20.0,445.3,2827.4
2026-06-15T15:43:00,8.82,5.0,20.0,528.8,2864.9
2026-06-15T15:44:00,7.9,5.8,20.0,338.4,2851.5
2026-06-15T15:45:00,5.37,5.0,20.0,322.6,2829.0
2026-06-15T15:46:00,5.0,5.0,20.0,412.9,2820.9
2026-06-15T15:47:00,5.0,5.0,20.0,259.7,2840.1
2026-06-15T15:48:00,5.0,5.0,20.0,292.6,2882.3
2026-06-15T15:49:00,5.24,7.76,20.0,252.8,2853.9
2026-06-15T15:50:00,5.0,5.0,20.0,421.2,2836.9
2026-06-15T15:51:00,9.28,5.0,20.0,313.1,2850.0
2026-06-15T15:52:00,5.0,6.79,26.76,286.0,2855.4
2026-06-15T15:53:00,6.34,5.0,20.0,287.8,2861.3
2026-06-15T15:54:00,7.1,5.0,20.0,344.0,2850.3
2026-06-15T15:55:00,5.15,5.0,20.0,344.7,2859.1
2026-06-15T15:56:00,5.0,5.0,20.0,271.0,2838.6
2026-06-15T15:57:00,5.0,5.0,20.0,339.2,2855.3
2026-06-15T15:58:00,5.0,5.0,20.0,409.8,2831.7
2026-06-15T15:59:00,5.0,5.0,20.0,341.3,2863.7
2026-06-15T16:00:00,6.81,5.0,20.0,699.4,2852.3
2026-06-15T16:01:00,5.0,5.0,20.0,363.1,2845.2
2026-06-15T16:02:00,5.0,5.0,20.0,250.4,2843.0
2026-06-15T16:03:00,5.0,5.0,20.0,395.5,2851.8
2026-06-15T16:04:00,5.0,5.0,20.0,269.5,2838.1
2026-06-15T16:05:00,5.03,6.28,20.0,342.8,2840.7
2026-06-15T16:06:00,6.6,5.87,25.02,312.2,2846.2
2026-06-15T16:07:00,7.4,5.0,20.0,271.3,2887.6
2026-06-15T16:08:00,5.0,5.57,20.0,323.7,2827.0
2026-06-15T16:09:00,7.47,5.0,20.0,369.0,2851.5
2026-06-15T16:10:00,6.87,5.0,20.0,460.2,2857.6
2026-06-15T16:11:00,5.0,5.0,20.0,391.6,2860.0
2026-06-15T16:12:00,5.0,5.0,23.27,357.0,2861.7
2026-06-15T16:13:00,7.97,6.75,20.0,474.9,2829.4
2026-06-15T16:14:00,5.0,5.0,20.0,297.6,2848.4
2026-06-15T16:15:00,9.2,5.0,20.0,336.0,2868.2
2026-06-15T16:16:00,5.0,5.0,20.91,261.5,2849.8
2026-06-15T16:17:00,5.0,5.0,23.49,254.1,2846.8
2026-06-15T16:18:00,8.93,5.0,22.57,595.1,2866.2
2026-06-15T16:19:00,5.0,5.0,20.0,255.5,2820.0
2026-06-15T16:20:00,7.58,5.0,27.84,349.3,2857.6
2026-06-15T16:21:00,5.0,5.0,20.0,292.0,2857.9
2026-06-15T16:22:00,7.81,5.0,20.0,476.6,2845.7
2026-06-15T16:23:00,8.42,5.0,20.0,457.1,2838.3
2026-06-15T16:24:00,5.0,6.64,21.96,351.1,2864.6
2026-06-15T16:25:00,5.0,5.0,20.0,263.8,2856.1
2026-06-15T16:26:00,7.83,6.92,23.58,270.6,2843.2
2026-06-15T16:27:00,5.0,5.0,22.4,311.9,2856.7
2026-06-15T16:28:00,6.67,5.0,20.0,440.0,2824.0
2026-06-15T16:29:00,7.6,5.0,20.0,302.0,2839.2
2026-06-15T16:30:00,5.37,5.0,20.0,520.8,2860.8
2026-06-15T16:31:00,5.0,5.0,20.0,440.2,2861.9
2026-06-15T16:32:00,5.02,5.0,20.0,267.3,2870.9
2026-06-15T16:33:00,5.45,5.0,20.0,256.8,2845.1
2026-06-15T16:34:00,5.0,5.0,20.0,265.1,2851.7
2026-06-15T16:35:00,5.42,5.0,20.0,440.3,2851.3
2026-06-15T16:36:00,6.64,5.0,20.0,561.1,2833.9
2026-06-15T16:37:00,5.0,5.0,23.69,424.2,2815.0
2026-06-15T16:38:00,5.0,5.38,20.0,609.9,2868.0
2026-06-15T16:39:00,6.05,5.0,20.0,318.2,2848.6
2026-06-15T16:40:00,8.39,5.0,20.0,294.0,2848.8
2026-06-15T16:41:00,7.37,5.41,20.0,285.8,2846.4
2026-06-15T16:42:00,8.22,5.0,20.0,285.9,2845.0
2026-06-15T16:43:00,8.71,5.0,20.0,324.6,2816.3
2026-06-15T16:44:00,5.0,6.82,21.61,340.7,2837.6
2026-06-15T16:45:00,6.05,5.0,20.0,458.8,2876.7
2026-06-15T16:46:00,5.0,5.57,21.52,256.7,2852.1
2026-06-15T16:47:00,5.0,5.0,20.0,409.1,2823.4
2026-06-15T16:48:00,5.0,5.0,20.0,306.5,2856.6
2026-06-15T16:49:00,5.36,5.0,20.0,526.9,2837.1
2026-06-15T16:50:00,7.25,5.0,23.73,547.3,2806.4
2026-06-15T16:51:00,5.0,5.0,20.0,556.6,2858.2
2026-06-15T16:52:00,5.0,5.0,20.0,261.3,2836.2
2026-06-15T16:53:00,5.0,5.0,20.0,365.0,2871.6
2026-06-15T16:54:00,9.04,5.0,20.0,260.2,2824.5
2026-06-15T16:55:00,5.53,5.0,21.53,260.2,2854.3
2026-06-15T16:56:00,8.83,5.0,20.23,373.4,2851.5
2026-06-15T16:57:00,5.0,5.23,20.0,295.8,2814.9
2026-06-15T16:58:00,9.56,5.0,23.55,295.9,2875.1
2026-06-15T16:59:00,5.0,5.0,20.0,301.0,2830.3
2026-06-15T17:00:00,5.39,5.0,20.0,325.7,2854.1
2026-06-15T17:01:00,5.0,5.0,24.58,314.9,2831.7
2026-06-15T17:02:00,10.12,7.05,20.0,355.8,2852.8
2026-06-15T17:03:00,5.02,5.0,20.0,386.5,2845.8
2026-06-15T17:04:00,6.81,5.0,20.0,456.6,2861.5
2026-06-15T17:05:00,5.04,5.0,20.0,318.6,2869.0
2026-06-15T17:06:00,7.65,5.0,20.0,282.3,2858.7
2026-06-15T17:07:00,5.39,5.0,20.0,290.1,2831.1
2026-06-15T17:08:00,5.0,5.0,20.0,336.3,2844.9
2026-06-15T17:09:00,5.0,5.0,20.0,273.6,2874.8
2026-06-15T17:10:00,5.0,5.0,20.0,326.5,2871.2
2026-06-15T17:11:00,5.0,5.0,20.0,291.5,2864.4
2026-06-15T17:12:00,5.0,5.0,20.0,587.3,2847.0
2026-06-15T17:13:00,6.82,5.0,20.0,337.0,2879.2
2026-06-15T17:14:00,11.43,6.5,20.0,401.4,2845.1
2026-06-15T17:15:00,5.0,5.0,20.0,300.0,2849.2
2026-06-15T17:16:00,8.7,5.0,32.05,252.1,2849.0
2026-06-15T17:17:00,5.69,5.0,20.0,343.3,2840.7
2026-06-15T17:18:00,5.72,5.0,20.0,266.8,2831.9
2026-06-15T17:19:00,5.0,5.48,20.91,280.7,2847.3
2026-06-15T17:20:00,9.93,5.0,20.0,261.7,2845.8
2026-06-15T17:21:00,5.0,5.0,20.0,325.3,2856.7
2026-06-15T17:22:00,7.16,5.0,20.0,587.7,2825.9
2026-06-15T17:23:00,6.85,5.0,20.05,293.9,2862.9
2026-06-15T17:24:00,5.0,5.38,20.0,453.6,2829.2
2026-06-15T17:25:00,6.03,5.0,20.0,279.5,2836.3
2026-06-15T17:26:00,5.62,5.0,20.0,352.9,2861.6
2026-06-15T17:27:00,7.44,5.0,20.0,477.8,2841.2
2026-06-15T17:28:00,5.0,5.0,23.91,626.4,2837.2
2026-06-15T17:29:00,7.73,5.0,25.95,501.4,2844.0
2026-06-15T17:30:00,6.14,6.04,20.0,433.9,2840.0
2026-06-15T17:31:00,5.0,6.47,20.0,298.4,2850.3
2026-06-15T17:32:00,7.61,5.0,20.0,414.5,2840.8
2026-06-15T17:33:00,9.27,5.0,20.0,391.5,2855.2
2026-06-15T17:34:00,5.0,5.5,22.58,306.1,2851.9
2026-06-15T17:35:00,6.07,5.0,20.0,256.0,2844.8
2026-06-15T17:36:00,5.94,6.03,23.74,319.9,2888.1
2026-06-15T17:37:00,8.36,5.0,20.0,345.5,2882.0
2026-06-15T17:38:00,5.0,5.0,20.0,268.8,2860.1
2026-06-15T17:39:00,10.62,5.0,20.0,329.8,2824.5
2026-06-15T17:40:00,6.36,5.48,20.0,338.6,2865.5
2026-06-15T17:41:00,7.53,5.0,20.0,361.6,2855.0
2026-06-15T17:42:00,10.7,5.0,20.0,368.8,2840.7
2026-06-15T17:43:00,5.0,5.0,20.0,549.0,2871.7
2026-06-15T17:44:00,5.0,5.0,20.0,332.8,2853.8
2026-06-15T17:45:00,5.0,5.68,20.0,282.9,2858.7
2026-06-15T17:46:00,8.95,5.67,20.0,349.9,2845.6
2026-06-15T17:47:00,5.0,5.0,20.0,368.0,2850.6
2026-06-15T17:48:00,7.34,5.52,20.0,415.4,2846.4
2026-06-15T17:49:00,6.76,7.55,20.0,287.2,2818.8
2026-06-15T17:50:00,5.0,5.0,20.0,431.7,2860.5
2026-06-15T17:51:00,6.46,5.0,20.0,251.4,2860.6
2026-06-15T17:52:00,5.0,5.0,20.0,627.3,2838.9
2026-06-15T17:53:00,6.73,5.0,20.0,255.4,2857.9
2026-06-15T17:54:00,5.67,5.0,20.0,371.6,2851.0
2026-06-15T17:55:00,6.17,5.0,20.0,465.4,2845.1
2026-06-15T17:56:00,6.65,6.15,20.0,365.7,2859.6
2026-06-15T17:57:00,5.0,5.0,20.0,399.4,2830.8
2026-06-15T17:58:00,6.97,5.0,20.0,273.0,2868.9
2026-06-15T17:59:00,8.33,5.93,20.34,344.8,2854.0
2026-06-15T18:00:00,9.57,5.0,20.0,253.8,2829.5
2026-06-15T18:01:00,5.0,5.0,20.0,287.8,2836.6
2026-06-15T18:02:00,5.0,5.0,20.0,624.9,2838.8
2026-06-15T18:03:00,5.0,5.0,23.83,601.0,2828.7
2026-06-15T18:04:00,6.27,5.0,20.0,299.3,2846.6
2026-06-15T18:05:00,5.0,5.0,20.0,309.2,2842.3
2026-06-15T18:06:00,5.0,5.0,20.0,395.1,2864.4
2026-06-15T18:07:00,8.09,5.0,20.0,448.6,2869.2
2026-06-15T18:08:00,10.57,5.0,25.82,280.2,2865.5
2026-06-15T18:09:00,5.0,5.0,20.0,265.2,2846.8
2026-06-15T18:10:00,7.09,6.47,20.0,803.5,2832.1
2026-06-15T18:11:00,8.16,5.0,22.87,354.8,2818.9
2026-06-15T18:12:00,7.43,5.0,20.0,431.2,2827.0
2026-06-15T18:13:00,6.86,5.0,20.0,280.0,2825.7
2026-06-15T18:14:00,5.0,5.97,20.0,281.5,2847.2
2026-06-15T18:15:00,5.0,5.0,20.0,251.9,2873.2
2026-06-15T18:16:00,7.39,5.0,20.82,315.2,2819.7
2026-06-15T18:17:00,7.79,6.98,22.15,268.3,2857.1
2026-06-15T18:18:00,5.0,5.01,20.0,373.6,2854.6
2026-06-15T18:19:00,9.01,5.0,20.0,325.9,2853.9
2026-06-15T18:20:00,6.39,8.87,20.0,275.9,2857.4
2026-06-15T18:21:00,7.76,5.0,20.0,453.4,2861.3
2026-06-15T18:22:00,5.0,5.0,20.0,355.0,2851.7
2026-06-15T18:23:00,8.93,7.45,20.0,496.1,2852.8
2026-06-15T18:24:00,5.0,5.0,20.0,472.4,2830.7
2026-06-15T18:25:00,5.94,5.0,20.0,338.6,2840.4
2026-06-15T18:26:00,5.65,5.0,20.0,301.9,2839.0
2026-06-15T18:27:00,7.38,5.0,20.0,253.7,2825.8
2026-06-15T18:28:00,5.0,5.0,20.0,689.5,2844.4
2026-06-15T18:29:00,8.71,5.0,20.0,353.6,2862.3
2026-06-15T18:30:00,5.15,5.0,20.0,278.0,2851.7
2026-06-15T18:31:00,5.68,5.0,20.0,312.8,2847.3
2026-06-15T18:32:00,5.0,5.0,22.92,313.8,2853.0
2026-06-15T18:33:00,5.93,5.0,20.0,259.0,2819.3
2026-06-15T18:34:00,6.04,5.0,20.0,557.8,2845.3
2026-06-15T18:35:00,5.9,6.31,20.0,296.3,2848.0
2026-06-15T18:36:00,5.0,5.0,20.0,258.5,2847.1
2026-06-15T18:37:00,10.5,5.0,21.0,266.1,2841.7
2026-06-15T18:38:00,5.0,5.0,29.27,308.4,2870.3
2026-06-15T18:39:00,5.02,5.0,20.0,311.1,2852.0
2026-06-15T18:40:00,7.64,5.38,21.74,549.3,2848.9
2026-06-15T18:41:00,5.0,5.0,20.0,317.4,2844.0
2026-06-15T18:42:00,8.49,5.0,20.0,254.1,2829.9
2026-06-15T18:43:00,9.99,5.0,20.52,289.7,2836.0
2026-06-15T18:44:00,10.26,5.0,26.05,327.3,2863.7
2026-06-15T18:45:00,8.82,5.0,23.1,309.2,2854.3
2026-06-15T18:46:00,5.0,5.0,20.0,319.1,2844.5
2026-06-15T18:47:00,5.67,5.0,20.0,265.7,2862.2
2026-06-15T18:48:00,5.26,6.27,20.0,635.1,2838.9
2026-06-15T18:49:00,6.31,6.5,20.0,511.9,2812.1
2026-06-15T18:50:00,5.2,5.0,20.0,269.5,2845.8
2026-06-15T18:51:00,13.52,5.0,20.0,372.3,2834.8
2026-06-15T18:52:00,5.0,5.0,20.0,253.2,2851.3
2026-06-15T18:53:00,5.0,5.0,20.0,281.8,2844.1
2026-06-15T18:54:00,5.0,7.11,20.0,290.3,2846.7
2026-06-15T18:55:00,5.7,6.39,32.89,358.9,2853.8
2026-06-15T18:56:00,5.0,5.0,23.17,516.6,2842.6
2026-06-15T18:57:00,10.82,5.0,20.0,258.5,2864.5
2026-06-15T18:58:00,5.0,5.93,20.0,253.5,2845.9
2026-06-15T18:59:00,5.0,6.07,20.0,272.6,2849.5
2026-06-15T19:00:00,6.55,5.0,20.0,297.2,2864.5
2026-06-15T19:01:00,5.0,5.0,20.0,295.9,2815.7
2026-06-15T19:02:00,5.0,5.0,20.11,391.9,2835.5
2026-06-15T19:03:00,5.0,6.35,20.0,588.6,2846.7
2026-06-15T19:04:00,5.0,8.68,20.0,281.2,2865.2
2026-06-15T19:05:00,5.0,5.0,20.0,356.4,2872.6
2026-06-15T19:06:00,10.67,7.15,20.0,263.3,2860.4
2026-06-15T19:07:00,10.37,5.0,20.0,285.4,2830.5
2026-06-15T19:08:00,8.09,5.0,20.0,272.9,2835.5
2026-06-15T19:09:00,5.0,5.0,20.0,272.3,2832.0
2026-06-15T19:10:00,8.89,5.45,20.0,279.3,2872.4
2026-06-15T19:11:00,5.47,5.0,20.0,289.5,2858.5
2026-06-15T19:12:00,5.0,6.34,20.0,256.1,2854.7
2026-06-15T19:13:00,5.0,8.84,29.1,389.4,2842.4
2026-06-15T19:14:00,10.4,5.0,20.0,344.6,2830.8
2026-06-15T19:15:00,5.72,5.0,26.7,298.3,2842.9
2026-06-15T19:16:00,5.65,5.0,20.0,635.5,2848.9
2026-06-15T19:17:00,5.0,5.0,20.0,254.0,2834.3
2026-06-15T19:18:00,5.0,5.0,20.0,316.4,2877.8
2026-06-15T19:19:00,9.99,5.61,20.0,262.1,2854.8
2026-06-15T19:20:00,5.86,5.0,20.0,287.0,2830.4
2026-06-15T19:21:00,5.0,5.0,20.0,349.1,2831.8
2026-06-15T19:22:00,5.0,5.0,20.33,279.1,2879.1
2026-06-15T19:23:00,5.9,5.0,20.0,352.2,2842.2
2026-06-15T19:24:00,5.0,5.0,20.0,401.5,2845.9
2026-06-15T19:25:00,5.0,6.83,20.0,346.5,2854.0
2026-06-15T19:26:00,5.77,5.0,20.0,297.4,2842.2
2026-06-15T19:27:00,5.0,5.0,20.0,290.8,2878.5
2026-06-15T19:28:00,7.13,6.53,20.0,288.1,2864.3
2026-06-15T19:29:00,5.61,5.0,20.0,278.2,2851.6
2026-06-15T19:30:00,8.27,5.0,20.0,281.4,2823.6
2026-06-15T19:31:00,8.18,5.05,20.0,541.3,2833.6
2026-06-15T19:32:00,8.56,5.0,20.82,259.0,2843.6
2026-06-15T19:33:00,5.84,5.0,20.0,265.3,2843.4
2026-06-15T19:34:00,9.21,5.0,20.0,427.0,2835.2
2026-06-15T19:35:00,7.37,5.0,20.0,389.1,2825.5
2026-06-15T19:36:00,5.0,5.59,20.0,335.8,2828.1
2026-06-15T19:37:00,6.0,5.0,20.0,419.5,2853.9
2026-06-15T19:38:00,13.17,5.0,20.0,285.5,2887.4
2026-06-15T19:39:00,9.8,5.0,22.98,412.6,2874.3
2026-06-15T19:40:00,5.0,5.0,23.55,463.8,2857.0
2026-06-15T19:41:00,5.0,5.0,20.0,584.2,2866.9
2026-06-15T19:42:00,6.38,5.0,20.0,282.5,2839.2
2026-06-15T19:43:00,6.62,5.0,20.0,286.9,2847.9
2026-06-15T19:44:00,8.6,5.81,20.0,254.6,2846.9
2026-06-15T19:45:00,5.0,5.0,20.0,346.5,2867.4
2026-06-15T19:46:00,5.0,5.0,20.0,260.7,2843.9
2026-06-15T19:47:00,6.42,6.07,20.0,329.1,2832.3
2026-06-15T19:48:00,8.57,5.0,20.0,312.8,2852.1
2026-06-15T19:49:00,5.27,5.0,20.0,266.6,2839.4
2026-06-15T19:50:00,5.25,5.0,20.0,419.2,2860.2
2026-06-15T19:51:00,5.0,6.91,20.0,275.2,2856.8
2026-06-15T19:52:00,9.33,5.0,20.0,309.9,2840.6
2026-06-15T19:53:00,5.45,5.36,20.0,371.0,2858.7
2026-06-15T19:54:00,5.85,5.0,20.0,301.4,2853.5
2026-06-15T19:55:00,8.67,5.0,24.43,295.5,2883.1
2026-06-15T19:56:00,8.91,5.0,20.0,320.8,2831.3
2026-06-15T19:57:00,8.13,7.12,20.0,252.0,2819.8
2026-06-15T19:58:00,5.0,5.29,20.0,267.4,2861.7
2026-06-15T19:59:00,9.02,5.0,20.0,284.9,2877.6
2026-06-15T20:00:00,6.36,5.0,20.0,412.4,2813.2
2026-06-15T20:01:00,6.09,6.15,20.0,372.2,2851.1
2026-06-15T20:02:00,5.0,5.27,20.0,261.5,2846.7
2026-06-15T20:03:00,11.03,5.0,25.29,265.3,2863.3
2026-06-15T20:04:00,8.01,5.0,20.0,362.4,2841.0
2026-06-15T20:05:00,5.0,5.85,21.96,631.7,2855.4
2026-06-15T20:06:00,9.95,5.0,20.0,373.1,2832.9
2026-06-15T20:07:00,5.23,5.0,20.0,265.2,2844.6
2026-06-15T20:08:00,7.25,5.0,20.0,263.1,2861.5
2026-06-15T20:09:00,5.0,5.0,20.0,260.2,2831.8
2026-06-15T20:10:00,6.45,6.27,20.0,275.7,2851.9
2026-06-15T20:11:00,6.12,5.0,22.41,434.3,2877.8
2026-06-15T20:12:00,5.97,5.0,26.2,271.1,2835.6
2026-06-15T20:13:00,5.0,5.0,20.0,582.8,2849.2
2026-06-15T20:14:00,6.46,5.0,20.0,270.0,2841.5
2026-06-15T20:15:00,8.53,7.99,26.39,355.1,2818.4
2026-06-15T20:16:00,5.0,5.0,20.0,386.5,2858.4
2026-06-15T20:17:00,6.53,6.33,20.0,386.4,2859.6
2026-06-15T20:18:00,6.52,5.0,20.0,459.5,2839.9
2026-06-15T20:19:00,5.0,5.0,20.0,286.0,2856.9
2026-06-15T20:20:00,11.19,5.49,20.0,427.3,2847.5
2026-06-15T20:21:00,10.3,5.0,21.11,297.2,2823.4
2026-06-15T20:22:00,11.9,5.0,20.0,261.8,2873.9
2026-06-15T20:23:00,8.59,5.0,20.0,360.9,2882.5
2026-06-15T20:24:00,5.99,5.0,20.0,275.3,2853.8
2026-06-15T20:25:00,5.84,5.76,20.0,299.0,2855.0
2026-06-15T20:26:00,5.54,5.0,20.0,381.1,2845.4
2026-06-15T20:27:00,11.89,5.0,20.0,259.2,2851.3
2026-06-15T20:28:00,6.37,5.0,20.0,278.5,2834.9
2026-06-15T20:29:00,6.75,6.27,20.0,317.1,2840.8
2026-06-15T20:30:00,5.02,8.25,22.16,423.0,2844.7
2026-06-15T20:31:00,9.29,5.0,20.0,325.2,2845.4
2026-06-15T20:32:00,5.0,7.72,20.0,322.0,2838.1
2026-06-15T20:33:00,9.03,5.0,20.0,322.1,2855.1
2026-06-15T20:34:00,10.46,5.0,20.0,313.3,2847.8
2026-06-15T20:35:00,5.0,5.0,20.0,255.7,2823.1
2026-06-15T20:36:00,5.0,5.0,20.0,385.9,2842.2
2026-06-15T20:37:00,5.0,5.0,20.0,568.6,2839.9
2026-06-15T20:38:00,7.94,5.0,20.0,258.9,2853.9
2026-06-15T20:39:00,6.91,6.24,20.0,358.6,2838.0
2026-06-15T20:40:00,11.83,5.0,20.0,307.4,2849.9
2026-06-15T20:41:00,5.0,5.0,20.0,320.9,2838.3
2026-06-15T20:42:00,7.46,5.47,20.0,251.1,2836.3
2026-06-15T20:43:00,5.0,5.0,20.0,250.9,2855.0
2026-06-15T20:44:00,5.0,5.0,20.0,316.0,2864.5
2026-06-15T20:45:00,5.27,6.55,20.0,514.8,2859.2
2026-06-15T20:46:00,5.99,5.0,20.21,306.7,2879.7
2026-06-15T20:47:00,5.0,5.0,20.0,275.6,2881.7
2026-06-15T20:48:00,5.0,5.0,20.0,339.0,2857.8
2026-06-15T20:49:00,5.0,5.0,20.0,412.0,2879.1
2026-06-15T20:50:00,6.43,5.0,20.0,287.4,2831.9
2026-06-15T20:51:00,5.46,6.06,20.0,342.4,2855.1
2026-06-15T20:52:00,6.21,5.56,20.0,341.3,2869.8
2026-06-15T20:53:00,7.32,5.0,20.0,317.7,2819.8
2026-06-15T20:54:00,9.3,5.0,20.0,427.5,2857.1
2026-06-15T20:55:00,9.29,5.43,20.0,340.9,2863.6
2026-06-15T20:56:00,6.1,5.0,26.74,283.2,2840.6
2026-06-15T20:57:00,9.34,5.0,20.0,601.3,2839.7
2026-06-15T20:58:00,5.0,5.0,20.0,259.6,2865.2
2026-06-15T20:59:00,5.95,5.0,20.0,279.7,2884.7
2026-06-15T21:00:00,5.0,5.0,20.0,361.2,2845.3
2026-06-15T21:01:00,6.58,5.0,20.0,267.2,2823.9
2026-06-15T21:02:00,7.81,5.0,20.0,603.1,2853.5
2026-06-15T21:03:00,6.14,5.0,29.21,327.2,2840.4
2026-06-15T21:04:00,5.95,5.0,20.0,286.9,2851.5
2026-06-15T21:05:00,5.81,5.0,20.0,280.6,2834.3
2026-06-15T21:06:00,5.8,5.0,20.0,276.2,2845.2
2026-06-15T21:07:00,5.0,6.89,20.0,313.3,2865.3
2026-06-15T21:08:00,5.0,5.0,20.0,437.5,2833.0
2026-06-15T21:09:00,5.0,5.0,20.0,752.4,2835.9
2026-06-15T21:10:00,5.0,5.0,31.61,334.9,2857.6
2026-06-15T21:11:00,7.04,5.0,20.0,716.1,2847.3
2026-06-15T21:12:00,8.46,7.79,20.0,309.0,2818.8
2026-06-15T21:13:00,5.0,5.0,20.0,396.2,2849.8
2026-06-15T21:14:00,5.0,7.78,20.0,313.0,2853.7
2026-06-15T21:15:00,5.0,5.11,20.0,251.7,2852.3
2026-06-15T21:16:00,10.83,5.15,20.0,365.2,2840.6
2026-06-15T21:17:00,9.12,5.0,20.0,271.1,2834.2
2026-06-15T21:18:00,5.74,5.0,20.0,271.8,2862.5
2026-06-15T21:19:00,5.0,6.16,25.04,259.5,2824.7
2026-06-15T21:20:00,7.88,5.0,20.0,376.5,2833.3
2026-06-15T21:21:00,18.63,5.0,20.0,309.6,2838.2
2026-06-15T21:22:00,5.0,6.17,20.0,331.2,2857.9
2026-06-15T21:23:00,9.02,5.26,20.0,366.2,2855.2
2026-06-15T21:24:00,5.0,5.0,20.0,747.7,2843.6
2026-06-15T21:25:00,5.0,5.0,21.44,276.8,2843.0
2026-06-15T21:26:00,7.33,5.0,20.0,255.1,2850.7
2026-06-15T21:27:00,5.0,5.0,20.0,253.4,2816.8
2026-06-15T21:28:00,9.04,6.0,20.0,277.5,2885.7
2026-06-15T21:29:00,6.41,6.2,20.0,357.7,2843.8
2026-06-15T21:30:00,5.97,5.0,20.0,401.3,2845.5
2026-06-15T21:31:00,5.0,5.0,20.0,747.5,2850.3
2026-06-15T21:32:00,5.0,5.0,20.0,339.8,2851.7
2026-06-15T21:33:00,5.0,7.85,20.0,253.8,2863.5
2026-06-15T21:34:00,7.02,5.0,22.25,264.8,2848.5
2026-06-15T21:35:00,5.43,5.0,20.0,284.2,2852.0
2026-06-15T21:36:00,9.31,5.0,20.0,313.1,2847.1
2026-06-15T21:37:00,8.68,5.0,20.0,255.6,2852.3
2026-06-15T21:38:00,5.0,5.0,20.0,254.3,2848.5
2026-06-15T21:39:00,8.7,5.76,20.0,438.3,2822.8
2026-06-15T21:40:00,5.0,5.0,21.19,455.8,2841.4
2026-06-15T21:41:00,5.27,7.15,20.0,373.5,2835.6
2026-06-15T21:42:00,5.46,5.0,20.0,287.7,2826.1
2026-06-15T21:43:00,5.0,5.0,20.0,389.3,2873.6
2026-06-15T21:44:00,5.0,5.0,20.0,307.4,2845.6
2026-06-15T21:45:00,12.85,5.0,32.98,264.5,2858.7
2026-06-15T21:46:00,5.0,5.83,20.0,294.8,2845.4
2026-06-15T21:47:00,7.77,5.0,20.0,417.0,2859.8
2026-06-15T21:48:00,5.25,6.56,20.0,464.2,2832.8
2026-06-15T21:49:00,5.0,5.0,24.99,295.0,2853.1
2026-06-15T21:50:00,5.0,5.0,20.0,428.8,2867.5
2026-06-15T21:51:00,12.08,6.13,20.0,343.4,2873.1
2026-06-15T21:52:00,5.0,5.0,20.0,299.3,2864.8
2026-06-15T21:53:00,5.0,5.27,20.0,884.0,2852.4
2026-06-15T21:54:00,12.53,5.36,25.08,377.1,2843.8
2026-06-15T21:55:00,5.0,5.0,20.0,351.7,2851.5
2026-06-15T21:56:00,6.59,6.39,20.0,294.5,2818.6
2026-06-15T21:57:00,5.0,5.0,20.0,252.3,2847.4
2026-06-15T21:58:00,5.0,5.0,20.0,492.7,2849.5
2026-06-15T21:59:00,6.5,5.0,20.0,310.4,2867.7
2026-06-15T22:00:00,5.0,5.0,20.0,258.7,2829.5
2026-06-15T22:01:00,8.9,6.69,20.0,291.4,2852.3
2026-06-15T22:02:00,5.0,5.0,20.0,293.7,2847.5
2026-06-15T22:03:00,7.7,5.0,20.34,597.9,2870.1
2026-06-15T22:04:00,9.48,5.54,20.0,329.1,2838.2
2026-06-15T22:05:00,5.0,5.0,20.0,266.3,2868.2
2026-06-15T22:06:00,6.46,5.0,20.0,274.3,2855.4
2026-06-15T22:07:00,8.45,5.0,20.0,438.3,2850.3
2026-06-15T22:08:00,10.78,5.0,20.0,500.6,2842.3
2026-06-15T22:09:00,10.47,7.43,20.0,484.5,2847.7
2026-06-15T22:10:00,7.85,5.0,20.0,287.5,2870.8
2026-06-15T22:11:00,11.28,5.04,20.0,475.1,2903.3
2026-06-15T22:12:00,7.89,5.0,20.0,299.4,2861.2
2026-06-15T22:13:00,5.0,6.76,20.0,370.3,2841.0
2026-06-15T22:14:00,5.97,5.0,22.67,252.9,2856.0
2026-06-15T22:15:00,5.0,5.73,20.0,405.6,2875.6
2026-06-15T22:16:00,9.31,5.43,20.0,293.4,2856.2
2026-06-15T22:17:00,5.0,5.33,20.0,288.2,2862.3
2026-06-15T22:18:00,12.51,5.0,20.0,333.2,2839.3
2026-06-15T22:19:00,5.32,5.0,20.0,414.7,2814.3
2026-06-15T22:20:00,5.13,7.1,27.7,319.7,2848.9
2026-06-15T22:21:00,5.32,5.0,24.31,263.7,2876.4
2026-06-15T22:22:00,5.42,5.0,20.0,276.3,2848.0
2026-06-15T22:23:00,5.0,5.0,20.0,507.3,2834.6
2026-06-15T22:24:00,6.15,5.0,20.0,377.2,2834.2
2026-06-15T22:25:00,5.0,5.0,22.98,290.9,2877.4
2026-06-15T22:26:00,7.65,5.0,20.0,319.5,2852.9
2026-06-15T22:27:00,8.45,5.0,20.0,280.0,2865.6
2026-06-15T22:28:00,5.0,5.0,20.0,366.0,2860.6
2026-06-15T22:29:00,5.0,5.0,20.0,330.9,2863.8
2026-06-15T22:30:00,5.0,5.56,20.0,324.0,2834.0
2026-06-15T22:31:00,5.0,5.0,24.19,331.5,2841.2
2026-06-15T22:32:00,5.9,5.0,20.0,270.6,2864.9
2026-06-15T22:33:00,5.0,9.37,20.0,274.7,2853.2
2026-06-15T22:34:00,8.31,5.0,20.0,354.5,2822.1
2026-06-15T22:35:00,7.07,5.0,20.0,355.5,2831.1
2026-06-15T22:36:00,6.29,5.0,20.0,260.4,2841.9
2026-06-15T22:37:00,6.22,5.0,20.0,309.9,2856.4
2026-06-15T22:38:00,5.0,5.0,20.0,260.8,2827.0
2026-06-15T22:39:00,8.64,5.0,31.63,255.3,2829.1
2026-06-15T22:40:00,8.13,5.0,20.0,264.2,2854.2
2026-06-15T22:41:00,13.07,5.31,20.07,323.9,2846.6
2026-06-15T22:42:00,12.94,5.0,20.0,433.9,2844.4
2026-06-15T22:43:00,5.7,5.0,20.0,362.3,2865.0
2026-06-15T22:44:00,6.12,5.0,20.0,265.0,2860.4
2026-06-15T22:45:00,5.0,5.0,20.0,289.8,2839.7
2026-06-15T22:46:00,15.01,5.0,20.0,282.8,2874.2
2026-06-15T22:47:00,5.0,5.0,22.2,277.8,2854.2
2026-06-15T22:48:00,10.22,5.0,20.0,530.8,2852.3
2026-06-15T22:49:00,6.06,5.0,23.13,528.9,2867.1
2026-06-15T22:50:00,5.0,5.0,20.0,288.5,2847.0
2026-06-15T22:51:00,8.05,5.0,20.0,410.4,2854.1
2026-06-15T22:52:00,5.0,5.0,30.29,377.9,2837.4
2026-06-15T22:53:00,7.59,5.0,20.0,278.7,2851.5
2026-06-15T22:54:00,5.0,5.0,20.0,346.8,2871.6
2026-06-15T22:55:00,6.16,5.0,20.0,386.5,2856.2
2026-06-15T22:56:00,7.29,5.0,20.0,386.9,2846.9
2026-06-15T22:57:00,6.82,5.0,20.0,280.3,2842.1
2026-06-15T22:58:00,5.0,5.0,20.0,409.9,2879.1
2026-06-15T22:59:00,8.3,5.53,20.0,313.5,2831.3
2026-06-15T23:00:00,89.34,66.06,221.72,4927.8,310.0
2026-06-15T23:01:00,90.67,61.58,214.17,4579.5,331.4
2026-06-15T23:02:00,88.93,64.33,223.93,4597.4,308.4
2026-06-15T23:03:00,96.94,60.88,225.46,4511.8,326.8
2026-06-15T23:04:00,93.86,62.19,237.21,4719.1,306.2
2026-06-15T23:05:00,84.77,61.7,222.39,4554.7,291.7
2026-06-15T23:06:00,84.45,61.56,219.16,4711.6,309.9
2026-06-15T23:07:00,91.92,59.84,220.66,4527.2,277.3
2026-06-15T23:08:00,93.57,62.68,216.51,4692.7,318.7
2026-06-15T23:09:00,90.98,62.92,213.55,4553.2,321.6
2026-06-15T23:10:00,95.22,60.75,224.94,4526.0,298.2
2026-06-15T23:11:00,93.45,62.61,215.42,4545.7,291.0
2026-06-15T23:12:00,90.96,59.31,227.4,4689.8,309.2
2026-06-15T23:13:00,94.86,61.49,217.36,4509.8,285.6
2026-06-15T23:14:00,92.71,61.66,218.93,5091.1,300.2
2026-06-15T23:15:00,87.19,63.8,225.62,4529.1,290.9
2026-06-15T23:16:00,90.59,60.01,207.73,4665.6,291.7
2026-06-15T23:17:00,87.33,59.01,236.43,4546.5,312.8
2026-06-15T23:18:00,91.82,70.44,223.28,4561.7,314.8
2026-06-15T23:19:00,96.18,65.02,222.73,4507.1,266.7
2026-06-15T23:20:00,89.6,64.43,232.5,4500.8,277.5
2026-06-15T23:21:00,90.71,63.89,227.65,4634.4,310.1
2026-06-15T23:22:00,91.93,63.44,229.15,4610.6,329.0
2026-06-15T23:23:00,88.89,64.44,219.3,4542.6,288.3
2026-06-15T23:24:00,93.23,63.62,227.82,4876.0,275.7
2026-06-15T23:25:00,88.5,66.99,223.25,4538.8,292.1
2026-06-15T23:26:00,87.81,64.37,204.79,4515.1,297.5
2026-06-15T23:27:00,91.51,65.08,217.14,4681.8,324.4
2026-06-15T23:28:00,96.54,62.21,228.61,4894.0,307.9
2026-06-15T23:29:00,89.19,64.04,224.47,4556.5,296.2
2026-06-15T23:30:00,93.34,61.51,224.26,4791.1,306.0
2026-06-15T23:31:00,94.51,63.24,219.73,4584.6,310.3
2026-06-15T23:32:00,90.78,64.31,243.34,4764.3,306.1
2026-06-15T23:33:00,89.39,63.14,232.06,4548.4,287.0
2026-06-15T23:34:00,90.45,62.89,213.49,4848.6,293.0
2026-06-15T23:35:00,82.89,62.69,220.81,4501.3,304.9
2026-06-15T23:36:00,89.26,65.94,212.92,4683.2,289.6
2026-06-15T23:37:00,90.77,66.05,213.09,4515.6,307.7
2026-06-15T23:38:00,94.09,61.98,223.45,4727.5,313.8
2026-06-15T23:39:00,88.11,60.37,216.14,4551.3,288.3
2026-06-15T23:40:00,87.32,62.06,241.94,4634.0,305.9
2026-06-15T23:41:00,90.82,66.29,214.23,4554.8,288.4
2026-06-15T23:42:00,92.07,59.68,224.87,4634.6,295.5
2026-06-15T23:43:00,92.68,62.57,229.16,4635.2,291.4
2026-06-15T23:44:00,91.05,61.56,224.21,4643.5,311.4
2026-06-15T23:45:00,91.92,62.43,220.34,4563.6,294.5
2026-06-15T23:46:00,98.0,63.63,204.89,4601.5,286.1
2026-06-15T23:47:00,88.82,66.51,221.31,4726.6,316.5
2026-06-15T23:48:00,91.76,60.78,222.85,4509.5,261.6
2026-06-15T23:49:00,91.42,63.3,231.79,4502.3,302.0
2026-06-15T23:50:00,90.43,69.6,223.48,4559.7,290.9
2026-06-15T23:51:00,93.58,63.36,223.69,4502.6,312.7
2026-06-15T23:52:00,91.3,65.48,228.16,4585.7,282.8
2026-06-15T23:53:00,89.1,63.01,226.31,4648.9,282.7
2026-06-15T23:54:00,86.06,64.01,223.04,4599.2,279.0
2026-06-15T23:55:00,90.74,65.63,233.45,4512.6,316.8
2026-06-15T23:56:00,89.85,65.94,225.82,4737.7,290.2
2026-06-15T23:57:00,89.28,64.01,217.26,4592.2,302.8
2026-06-15T23:58:00,88.37,67.28,220.83,4516.7,306.0
2026-06-15T23:59:00,90.23,65.57,231.37,4697.8,281.5
